geo,name,year,gdp_pcap_pp,urban_pct,population,continent_name,continent_code
AFG,Afghanistan,1960,2277.64036,8.401,9035043,Asia,AS
AFG,Afghanistan,1965,2359.7174,9.904,10036008,Asia,AS
AFG,Afghanistan,1970,2477.91301,11.643,11290128,Asia,AS
AFG,Afghanistan,1975,2228.08567,13.641,12773954,Asia,AS
AFG,Afghanistan,1980,2251.28484,15.995,13169311,Asia,AS
AFG,Afghanistan,1985,3068.05058,18.997,11426852,Asia,AS
AFG,Afghanistan,1990,2412.90304,21.177,12045660,Asia,AS
AFG,Afghanistan,1995,1689.0634,21.624,17065836,Asia,AS
AFG,Afghanistan,2000,1426.50934,22.078,20130327,Asia,AS
AFG,Afghanistan,2005,1855.22812,22.703,24404567,Asia,AS
AFG,Afghanistan,2010,2848.58606,23.737,28284089,Asia,AS
AFG,Afghanistan,2015,2967.69207,24.803,33831764,Asia,AS
AFG,Afghanistan,2020,2769.68575,26.026,39068979,Asia,AS
AGO,Angola,1960,3299.10986,10.435,5231654,Africa,AF
AGO,Angola,1965,4432.34698,12.504,5521981,Africa,AF
AGO,Angola,1970,5177.92272,14.957,5852788,Africa,AF
AGO,Angola,1975,4130.95715,19.128,6842947,Africa,AF
AGO,Angola,1980,3728.6418,24.298,8133872,Africa,AF
AGO,Angola,1985,4028.06224,30.338,9779120,Africa,AF
AGO,Angola,1990,4974.52806,37.144,11626360,Africa,AF
AGO,Angola,1995,4176.13396,44.169,13699778,Africa,AF
AGO,Angola,2000,5352.49132,50.087,16194869,Africa,AF
AGO,Angola,2005,7592.30709,56,19291161,Africa,AF
AGO,Angola,2010,9672.83922,59.783,23294825,Africa,AF
AGO,Angola,2015,9980.92988,63.446,28157798,Africa,AF
AGO,Angola,2020,7556.96793,66.825,33451132,Africa,AF
ALB,Albania,1960,2898.16273,30.705,1649387,Europe,EU
ALB,Albania,1965,3292.5959,31.23,1894312,Europe,EU
ALB,Albania,1970,3876.52082,31.74,2181220,Europe,EU
ALB,Albania,1975,4248.82637,32.712,2454859,Europe,EU
ALB,Albania,1980,4416.59612,33.762,2735416,Europe,EU
ALB,Albania,1985,5161.52412,35.083,3026242,Europe,EU
ALB,Albania,1990,5490.45562,36.428,3277966,Europe,EU
ALB,Albania,1995,5095.58379,38.911,3258567,Europe,EU
ALB,Albania,2000,6558.42258,41.741,3166148,Europe,EU
ALB,Albania,2005,8977.57267,46.731,3076159,Europe,EU
ALB,Albania,2010,11828.37497,52.163,2928722,Europe,EU
ALB,Albania,2015,13156.33221,57.434,2898632,Europe,EU
ALB,Albania,2020,14662.79552,62.112,2871954,Europe,EU
AND,Andorra,1960,22016.56207,58.45,9510,Europe,EU
AND,Andorra,1965,33160.26538,70.445,13634,Europe,EU
AND,Andorra,1970,49938.69251,80.155,19977,Europe,EU
AND,Andorra,1975,52278.05928,87.252,27773,Europe,EU
AND,Andorra,1980,50134.87077,92.064,35782,Europe,EU
AND,Andorra,1985,44393.44628,95.159,43825,Europe,EU
AND,Andorra,1990,46235.61393,94.712,52597,Europe,EU
AND,Andorra,1995,42152.12008,93.661,63912,Europe,EU
AND,Andorra,2000,52814.6954,92.395,65685,Europe,EU
AND,Andorra,2005,64175.8719,90.285,77421,Europe,EU
AND,Andorra,2010,58285.05778,88.819,80706,Europe,EU
AND,Andorra,2015,62105.15424,88.345,72174,Europe,EU
AND,Andorra,2020,55488.4903,87.916,77380,Europe,EU
ARE,UAE,1960,3066.57278,73.5,131334,Asia,AS
ARE,UAE,1965,15351.70704,77.723,167103,Asia,AS
ARE,UAE,1970,77424.23701,79.8,286536,Asia,AS
ARE,UAE,1975,74397.16075,79.8,542856,Asia,AS
ARE,UAE,1980,86120.31136,80.71,1015700,Asia,AS
ARE,UAE,1985,73827.44139,79.804,1377911,Asia,AS
ARE,UAE,1990,74726.8204,79.051,1898220,Asia,AS
ARE,UAE,1995,83835.62829,78.319,2434662,Asia,AS
ARE,UAE,2000,88047.22698,80.236,3493575,Asia,AS
ARE,UAE,2005,89813.8553,82.262,4664790,Asia,AS
ARE,UAE,2010,68799.93085,84.087,6938363,Asia,AS
ARE,UAE,2015,70234.73175,85.674,8674633,Asia,AS
ARE,UAE,2020,65784.67694,87.048,9448524,Asia,AS
ARG,Argentina,1960,11545.68452,73.611,20386045,South America,SA
ARG,Argentina,1965,12916.76444,76.369,22112629,South America,SA
ARG,Argentina,1970,14600.20015,78.88,23878327,South America,SA
ARG,Argentina,1975,15710.97534,80.969,25874107,South America,SA
ARG,Argentina,1980,15887.01022,82.887,28011596,South America,SA
ARG,Argentina,1985,15347.53371,85.038,30336441,South America,SA
ARG,Argentina,1990,15986.19359,86.984,32755901,South America,SA
ARG,Argentina,1995,20052.88124,88.164,35070020,South America,SA
ARG,Argentina,2000,21810.83619,89.142,37213984,South America,SA
ARG,Argentina,2005,23052.59,90.031,39216789,South America,SA
ARG,Argentina,2010,28056.25702,90.849,41288694,South America,SA
ARG,Argentina,2015,28669.20613,91.503,43477012,South America,SA
ARG,Argentina,2020,23877.09314,92.111,45191965,South America,SA
ARM,Armenia,1960,6664.54908,51.275,1863705,Europe,EU
ARM,Armenia,1960,6664.54908,51.275,1863705,Asia,AS
ARM,Armenia,1965,7585.01784,55.622,2183635,Europe,EU
ARM,Armenia,1965,7585.01784,55.622,2183635,Asia,AS
ARM,Armenia,1970,8805.06468,59.864,2475633,Europe,EU
ARM,Armenia,1970,8805.06468,59.864,2475633,Asia,AS
ARM,Armenia,1975,8890.36899,63.611,2743660,Europe,EU
ARM,Armenia,1975,8890.36899,63.611,2743660,Asia,AS
ARM,Armenia,1980,8111.70862,66.05,3107415,Europe,EU
ARM,Armenia,1980,8111.70862,66.05,3107415,Asia,AS
ARM,Armenia,1985,8680.52873,67.09,3260432,Europe,EU
ARM,Armenia,1985,8680.52873,67.09,3260432,Asia,AS
ARM,Armenia,1990,7590.79331,67.421,3552128,Europe,EU
ARM,Armenia,1990,7590.79331,67.421,3552128,Asia,AS
ARM,Armenia,1995,3950.03629,66.057,3307581,Europe,EU
ARM,Armenia,1995,3950.03629,66.057,3307581,Asia,AS
ARM,Armenia,2000,4860.71825,64.666,3125628,Europe,EU
ARM,Armenia,2000,4860.71825,64.666,3125628,Asia,AS
ARM,Armenia,2005,8511.01241,63.938,3006351,Europe,EU
ARM,Armenia,2005,8511.01241,63.938,3006351,Asia,AS
ARM,Armenia,2010,10438.56419,63.44,2931078,Europe,EU
ARM,Armenia,2010,10438.56419,63.44,2931078,Asia,AS
ARM,Armenia,2015,13112.76009,63.085,2921177,Europe,EU
ARM,Armenia,2015,13112.76009,63.085,2921177,Asia,AS
ARM,Armenia,2020,15052.93598,63.313,2890892,Europe,EU
ARM,Armenia,2020,15052.93598,63.313,2890892,Asia,AS
AUS,Australia,1960,16711.75944,81.529,10280813,Oceania,OC
AUS,Australia,1965,18628.36629,83.068,11357477,Oceania,OC
AUS,Australia,1970,21583.35614,83.999,12599411,Oceania,OC
AUS,Australia,1975,22732.48554,84.792,13893989,Oceania,OC
AUS,Australia,1980,24128.36428,85.552,14721347,Oceania,OC
AUS,Australia,1985,29895.88309,85.582,15835747,Oceania,OC
AUS,Australia,1990,36304.91547,85.433,17126298,Oceania,OC
AUS,Australia,1995,39087.28166,84.898,18095344,Oceania,OC
AUS,Australia,2000,45546.30419,84.235,19132471,Oceania,OC
AUS,Australia,2005,50323.82948,84.582,20294490,Oceania,OC
AUS,Australia,2010,52589.81821,85.182,22141581,Oceania,OC
AUS,Australia,2015,55691.69885,85.701,23948002,Oceania,OC
AUS,Australia,2020,57059.74364,86.241,25743791,Oceania,OC
AUT,Austria,1960,13101.66148,64.72,7047274,Europe,EU
AUT,Austria,1965,15303.73699,65.011,7270415,Europe,EU
AUT,Austria,1970,19019.11271,65.258,7466319,Europe,EU
AUT,Austria,1975,22384.13982,65.341,7577830,Europe,EU
AUT,Austria,1980,26039.61845,65.391,7548406,Europe,EU
AUT,Austria,1985,32424.94522,64.305,7564309,Europe,EU
AUT,Austria,1990,41070.5472,62.96,7679624,Europe,EU
AUT,Austria,1995,45065.66395,61.596,7950322,Europe,EU
AUT,Austria,2000,52517.46107,60.213,8012928,Europe,EU
AUT,Austria,2005,56453.61958,58.813,8229204,Europe,EU
AUT,Austria,2010,59803.37263,57.399,8365092,Europe,EU
AUT,Austria,2015,61025.99945,57.715,8644039,Europe,EU
AUT,Austria,2020,60349.90228,58.748,8921405,Europe,EU
AZE,Azerbaijan,1960,6044.16273,52.663,3982706,Europe,EU
AZE,Azerbaijan,1960,6044.16273,52.663,3982706,Asia,AS
AZE,Azerbaijan,1965,7261.71523,51.164,4630313,Europe,EU
AZE,Azerbaijan,1965,7261.71523,51.164,4630313,Asia,AS
AZE,Azerbaijan,1970,8932.64215,50.008,5183825,Europe,EU
AZE,Azerbaijan,1970,8932.64215,50.008,5183825,Asia,AS
AZE,Azerbaijan,1975,9899.01076,51.897,5669260,Europe,EU
AZE,Azerbaijan,1975,9899.01076,51.897,5669260,Asia,AS
AZE,Azerbaijan,1980,10058.45117,52.777,6284708,Europe,EU
AZE,Azerbaijan,1980,10058.45117,52.777,6284708,Asia,AS
AZE,Azerbaijan,1985,12089.217490000001,53.498,6799814,Europe,EU
AZE,Azerbaijan,1985,12089.217490000001,53.498,6799814,Asia,AS
AZE,Azerbaijan,1990,10510.32985,53.749,7231077,Europe,EU
AZE,Azerbaijan,1990,10510.32985,53.749,7231077,Asia,AS
AZE,Azerbaijan,1995,4166.54567,52.206,7719282,Europe,EU
AZE,Azerbaijan,1995,4166.54567,52.206,7719282,Asia,AS
AZE,Azerbaijan,2000,5652.91901,51.386,8174785,Europe,EU
AZE,Azerbaijan,2000,5652.91901,51.386,8174785,Asia,AS
AZE,Azerbaijan,2005,10056.51613,52.389,8597248,Europe,EU
AZE,Azerbaijan,2005,10056.51613,52.389,8597248,Asia,AS
AZE,Azerbaijan,2010,19925.3901,53.406,9146851,Europe,EU
AZE,Azerbaijan,2010,19925.3901,53.406,9146851,Asia,AS
AZE,Azerbaijan,2015,20678.75396,54.714,9752850,Europe,EU
AZE,Azerbaijan,2015,20678.75396,54.714,9752850,Asia,AS
AZE,Azerbaijan,2020,19126.09685,56.397,10181730,Europe,EU
AZE,Azerbaijan,2020,19126.09685,56.397,10181730,Asia,AS
BDI,Burundi,1960,844.3823,2.077,2764258,Africa,AF
BDI,Burundi,1965,785.82193,2.294,3141367,Africa,AF
BDI,Burundi,1970,969.33498,2.845,3530432,Africa,AF
BDI,Burundi,1975,917.35684,3.525,3796612,Africa,AF
BDI,Burundi,1980,975.87089,4.339,4383706,Africa,AF
BDI,Burundi,1985,1238.92647,5.221,5034042,Africa,AF
BDI,Burundi,1990,1425.29552,6.271,5587052,Africa,AF
BDI,Burundi,1995,1155.95167,7.211,6066316,Africa,AF
BDI,Burundi,2000,988.06467,8.246,6470194,Africa,AF
BDI,Burundi,2005,937.35638,9.375,7587299,Africa,AF
BDI,Burundi,2010,947.62142,10.642,9376444,Africa,AF
BDI,Burundi,2015,918.55719,12.078,11047580,Africa,AF
BDI,Burundi,2020,833.92026,13.708,12617036,Africa,AF
BEL,Belgium,1960,13587.61433,92.46,9102171,Europe,EU
BEL,Belgium,1965,16388.84663,93.137,9399858,Europe,EU
BEL,Belgium,1970,19910.4411,93.843,9630504,Europe,EU
BEL,Belgium,1975,22878.96868,94.48,9748476,Europe,EU
BEL,Belgium,1980,25986.23388,95.381,9833093,Europe,EU
BEL,Belgium,1985,31278.09864,95.93,9880337,Europe,EU
BEL,Belgium,1990,40148.03257,96.377,9960968,Europe,EU
BEL,Belgium,1995,43182.34357,96.777,10137265,Europe,EU
BEL,Belgium,2000,49661.30813,97.129,10251717,Europe,EU
BEL,Belgium,2005,53931.0984,97.403,10478886,Europe,EU
BEL,Belgium,2010,56265.01535,97.651,10936626,Europe,EU
BEL,Belgium,2015,57534.39661,97.876,11275335,Europe,EU
BEL,Belgium,2020,57358.83703,98.079,11540107,Europe,EU
BEN,Benin,1960,1765.88782,9.275,2517286,Africa,AF
BEN,Benin,1965,1771.12698,12.519,2757936,Africa,AF
BEN,Benin,1970,1803.2995,16.691,3065057,Africa,AF
BEN,Benin,1975,1812.22597,21.904,3445407,Africa,AF
BEN,Benin,1980,1927.36478,27.339,3925251,Africa,AF
BEN,Benin,1985,2173.85368,30.796,4538012,Africa,AF
BEN,Benin,1990,2265.51561,34.485,5281479,Africa,AF
BEN,Benin,1995,2331.84615,36.758,6226773,Africa,AF
BEN,Benin,2000,2538.05058,38.333,7221619,Africa,AF
BEN,Benin,2005,2623.1785,40.543,8426144,Africa,AF
BEN,Benin,2010,2733.574,43.093,9797484,Africa,AF
BEN,Benin,2015,2952.00218,45.695,11360681,Africa,AF
BEN,Benin,2020,3317.85972,48.415,13070169,Africa,AF
BFA,Burkina Faso,1960,1036.94726,4.7,4778621,Africa,AF
BFA,Burkina Faso,1965,1001.65336,5.198,5152833,Africa,AF
BFA,Burkina Faso,1970,1021.76542,5.746,5610304,Africa,AF
BFA,Burkina Faso,1975,961.6828,6.347,6147569,Africa,AF
BFA,Burkina Faso,1980,992.57328,8.805,6947900,Africa,AF
BFA,Burkina Faso,1985,1151.05601,12.334,7999935,Africa,AF
BFA,Burkina Faso,1990,1255.67978,13.815,9159356,Africa,AF
BFA,Burkina Faso,1995,1260.91111,15.131,10386722,Africa,AF
BFA,Burkina Faso,2000,1464.85074,17.844,11925546,Africa,AF
BFA,Burkina Faso,2005,1670.88941,21.537,13932123,Africa,AF
BFA,Burkina Faso,2010,1873.97146,24.633,16176498,Africa,AF
BFA,Burkina Faso,2015,2101.70266,27.53,18777487,Africa,AF
BFA,Burkina Faso,2020,2380.93172,30.607,21478690,Africa,AF
BGD,Bangladesh,1960,1233.99406,5.135,51828660,Asia,AS
BGD,Bangladesh,1965,1328.01562,6.211,59902519,Asia,AS
BGD,Bangladesh,1970,1371.21622,7.593,69058894,Asia,AS
BGD,Bangladesh,1975,1134.77014,9.836,77854351,Asia,AS
BGD,Bangladesh,1980,1206.12303,14.851,88016432,Asia,AS
BGD,Bangladesh,1985,1504.68649,17.496,100253825,Asia,AS
BGD,Bangladesh,1990,1829.34738,19.811,111633717,Asia,AS
BGD,Bangladesh,1995,2159.53526,21.693,122600370,Asia,AS
BGD,Bangladesh,2000,2594.17073,23.59,134544304,Asia,AS
BGD,Bangladesh,2005,3179.34961,26.809,144715786,Asia,AS
BGD,Bangladesh,2010,4125.4639,30.462,152201981,Asia,AS
BGD,Bangladesh,2015,5352.71133,34.308,159383179,Asia,AS
BGD,Bangladesh,2020,7015.19793,38.177,166298024,Asia,AS
BGR,Bulgaria,1960,4841.60394,37.1,7862926,Europe,EU
BGR,Bulgaria,1965,6017.33973,45.755,8202416,Europe,EU
BGR,Bulgaria,1970,7012.66668,52.3,8490825,Europe,EU
BGR,Bulgaria,1975,8678.3631,57.562,8723148,Europe,EU
BGR,Bulgaria,1980,9838.53758,62.1,8859537,Europe,EU
BGR,Bulgaria,1985,12674.67316,64.59,8958854,Europe,EU
BGR,Bulgaria,1990,14014.28542,66.377,8822365,Europe,EU
BGR,Bulgaria,1995,13094.85201,67.782,8357574,Europe,EU
BGR,Bulgaria,2000,12360.28586,68.899,8000520,Europe,EU
BGR,Bulgaria,2005,17522.70718,70.584,7695050,Europe,EU
BGR,Bulgaria,2010,21715.87944,72.302,7437599,Europe,EU
BGR,Bulgaria,2015,24553.14368,73.99,7177517,Europe,EU
BGR,Bulgaria,2020,28545.70853,75.686,6933652,Europe,EU
BHR,Bahrain,1960,8236.43416,82.32,165477,Asia,AS
BHR,Bahrain,1965,9928.5023,82.5,200866,Asia,AS
BHR,Bahrain,1970,12801.28629,83.775,224809,Asia,AS
BHR,Bahrain,1975,14168.41305,84.975,283243,Asia,AS
BHR,Bahrain,1980,17826.64271,86.101,358978,Asia,AS
BHR,Bahrain,1985,22946.268,87.155,430358,Asia,AS
BHR,Bahrain,1990,26751.98349,88.14,514797,Asia,AS
BHR,Bahrain,1995,40335.86077,88.388,593222,Asia,AS
BHR,Bahrain,2000,50712.61814,88.372,669581,Asia,AS
BHR,Bahrain,2005,51742.52452,88.422,932604,Asia,AS
BHR,Bahrain,2010,50704.84797,88.634,1213244,Asia,AS
BHR,Bahrain,2015,54149.91315,88.999,1369650,Asia,AS
BHR,Bahrain,2020,53814.24526,89.506,1483077,Asia,AS
BIH,Bosnia and Herzegovina,1960,2735.14121,19.04,3281381,Europe,EU
BIH,Bosnia and Herzegovina,1965,3124.80559,22.817,3562834,Europe,EU
BIH,Bosnia and Herzegovina,1970,3420.56189,27.201,3773247,Europe,EU
BIH,Bosnia and Herzegovina,1975,3880.13919,31.288,3965743,Europe,EU
BIH,Bosnia and Herzegovina,1980,4477.33639,35.543,4148426,Europe,EU
BIH,Bosnia and Herzegovina,1985,4294.06615,37.589,4330364,Europe,EU
BIH,Bosnia and Herzegovina,1990,3382.69127,39.249,4448652,Europe,EU
BIH,Bosnia and Herzegovina,1995,3319.95497,40.817,3715564,Europe,EU
BIH,Bosnia and Herzegovina,2000,8042.28229,42.384,4159771,Europe,EU
BIH,Bosnia and Herzegovina,2005,9876.18345,43.965,4096493,Europe,EU
BIH,Bosnia and Herzegovina,2010,12138.82997,45.558,3811472,Europe,EU
BIH,Bosnia and Herzegovina,2015,14219.54278,47.173,3518541,Europe,EU
BIH,Bosnia and Herzegovina,2020,16746.39041,49.02,3299349,Europe,EU
BLR,Belarus,1960,6528.15996,32.401,8207998,Europe,EU
BLR,Belarus,1965,7580.68489,38.127,8679929,Europe,EU
BLR,Belarus,1970,9211.70496,44.01,9014897,Europe,EU
BLR,Belarus,1975,10378.71184,50.614,9324281,Europe,EU
BLR,Belarus,1980,11204.9959,56.498,9603171,Europe,EU
BLR,Belarus,1985,12794.0329,61.833,9944186,Europe,EU
BLR,Belarus,1990,13133.98655,65.981,10186261,Europe,EU
BLR,Belarus,1995,8319.6245,67.926,10197463,Europe,EU
BLR,Belarus,2000,11318.10471,69.973,9991313,Europe,EU
BLR,Belarus,2005,16600.19864,72.354,9667838,Europe,EU
BLR,Belarus,2010,24012.6133,74.672,9490752,Europe,EU
BLR,Belarus,2015,25513.21329,77.181,9487293,Europe,EU
BLR,Belarus,2020,26731.49538,79.483,9350944,Europe,EU
BOL,Bolivia,1960,3484.55504,36.762,3702323,South America,SA
BOL,Bolivia,1965,3942.68871,38.257,4109796,South America,SA
BOL,Bolivia,1970,4216.31321,39.776,4590010,South America,SA
BOL,Bolivia,1975,4863.8057,41.314,5137539,South America,SA
BOL,Bolivia,1980,4821.19094,45.451,5758900,South America,SA
BOL,Bolivia,1985,4461.92617,50.519,6416185,South America,SA
BOL,Bolivia,1990,4992.35571,55.577,7130142,South America,SA
BOL,Bolivia,1995,5558.38215,59.15,7874676,South America,SA
BOL,Bolivia,2000,6060.87479,61.787,8606326,South America,SA
BOL,Bolivia,2005,6531.13931,64.17,9360754,South America,SA
BOL,Bolivia,2010,7571.67809,66.43,10182345,South America,SA
BOL,Bolivia,2015,9141.92841,68.393,11014705,South America,SA
BOL,Bolivia,2020,9000.97565,70.123,11816299,South America,SA
BRA,Brazil,1960,4108.84488,46.139,72388126,South America,SA
BRA,Brazil,1965,4489.5453,51.037,83817583,South America,SA
BRA,Brazil,1970,5615.26096,55.909,95375651,South America,SA
BRA,Brazil,1975,7881.99124,60.789,107619565,South America,SA
BRA,Brazil,1980,9746.89919,65.468,121207461,South America,SA
BRA,Brazil,1985,10745.86362,69.862,135515595,South America,SA
BRA,Brazil,1990,11974.05883,73.922,149143223,South America,SA
BRA,Brazil,1995,13191.52124,77.61,161735073,South America,SA
BRA,Brazil,2000,13877.23439,81.192,174018282,South America,SA
BRA,Brazil,2005,15212.23538,82.834,184688101,South America,SA
BRA,Brazil,2010,18062.15811,84.335,193701929,South America,SA
BRA,Brazil,2015,18357.06906,85.77,201675532,South America,SA
BRA,Brazil,2020,17327.51572,87.073,208660842,South America,SA
BRN,Brunei,1960,93769.71123,43.401,88347,Asia,AS
BRN,Brunei,1965,102962.7801,52.625,110838,Asia,AS
BRN,Brunei,1970,112970.0072,61.675,135138,Asia,AS
BRN,Brunei,1975,132420.06,64.193,158070,Asia,AS
BRN,Brunei,1980,176249.2016,64.949,186111,Asia,AS
BRN,Brunei,1985,124411.9412,65.697,218919,Asia,AS
BRN,Brunei,1990,116695.1293,66.438,255292,Asia,AS
BRN,Brunei,1995,107108.8942,68.644,291195,Asia,AS
BRN,Brunei,2000,101598.6423,71.164,326424,Asia,AS
BRN,Brunei,2005,100544.8503,73.163,358916,Asia,AS
BRN,Brunei,2010,88586.51319,74.961,392332,Asia,AS
BRN,Brunei,2015,81910.1884,76.663,422212,Asia,AS
BRN,Brunei,2020,80280.89795,78.25,447404,Asia,AS
BTN,Bhutan,1960,1152.00888,3.596,224084,Asia,AS
BTN,Bhutan,1965,1216.47382,4.687,261200,Asia,AS
BTN,Bhutan,1970,1284.08755,6.089,308528,Asia,AS
BTN,Bhutan,1975,1141.62022,7.876,365791,Asia,AS
BTN,Bhutan,1980,1317.8373,10.132,433404,Asia,AS
BTN,Bhutan,1985,1923.3068,12.941,508392,Asia,AS
BTN,Bhutan,1990,3332.64105,16.388,589287,Asia,AS
BTN,Bhutan,1995,4230.69741,20.537,547989,Asia,AS
BTN,Bhutan,2000,5180.90553,25.418,596863,Asia,AS
BTN,Bhutan,2005,6795.21887,30.965,661865,Asia,AS
BTN,Bhutan,2010,9985.28456,34.793,701632,Asia,AS
BTN,Bhutan,2015,12400.29832,38.678,740618,Asia,AS
BTN,Bhutan,2020,12979.93695,42.316,770006,Asia,AS
BWA,Botswana,1960,750.5201,3.06,516165,Africa,AF
BWA,Botswana,1965,823.88734,3.839,574664,Africa,AF
BWA,Botswana,1970,1233.99617,7.834,590334,Africa,AF
BWA,Botswana,1975,2360.56032,11.884,720380,Africa,AF
BWA,Botswana,1980,3353.44219,16.479,937485,Africa,AF
BWA,Botswana,1985,5465.33451,26.724,1121945,Africa,AF
BWA,Botswana,1990,9377.62142,41.933,1305696,Africa,AF
BWA,Botswana,1995,10730.52132,48.981,1498836,Africa,AF
BWA,Botswana,2000,12805.35493,53.219,1677382,Africa,AF
BWA,Botswana,2005,14266.72898,55.944,1839877,Africa,AF
BWA,Botswana,2010,14545.01981,62.412,2033111,Africa,AF
BWA,Botswana,2015,15994.9643,67.155,2203273,Africa,AF
BWA,Botswana,2020,16289.39136,70.877,2365894,Africa,AF
CAF,Central African Republic,1960,1764.90321,20.1,1702346,Africa,AF
CAF,Central African Republic,1965,1576.47412,23.519,1877854,Africa,AF
CAF,Central African Republic,1970,1557.26076,27.492,2097505,Africa,AF
CAF,Central African Republic,1975,1331.36255,31.971,2313916,Africa,AF
CAF,Central African Republic,1980,1203.29169,33.874,2450535,Africa,AF
CAF,Central African Republic,1985,1349.84774,35.532,2600932,Africa,AF
CAF,Central African Republic,1990,1447.41467,36.825,2871910,Africa,AF
CAF,Central African Republic,1995,1328.33636,37.231,3348052,Africa,AF
CAF,Central African Republic,2000,1251.66767,37.639,3833416,Africa,AF
CAF,Central African Republic,2005,1214.27096,38.069,4288810,Africa,AF
CAF,Central African Republic,2010,1479.41368,38.904,4492995,Africa,AF
CAF,Central African Republic,2015,1043.92172,40.277,4629320,Africa,AF
CAF,Central African Republic,2020,1136.57053,42.198,5026628,Africa,AF
CHE,Switzerland,1960,22437.85557,70.924,5327780,Europe,EU
CHE,Switzerland,1965,26966.91019,72.417,5856419,Europe,EU
CHE,Switzerland,1970,31863.78266,73.843,6180922,Europe,EU
CHE,Switzerland,1975,32786.98397,74.208,6338600,Europe,EU
CHE,Switzerland,1980,36295.72045,74.477,6319846,Europe,EU
CHE,Switzerland,1985,45297.56304,74.227,6470957,Europe,EU
CHE,Switzerland,1990,58149.84624,73.926,6713173,Europe,EU
CHE,Switzerland,1995,58305.71879,73.654,7040477,Europe,EU
CHE,Switzerland,2000,65911.90228,73.383,7184007,Europe,EU
CHE,Switzerland,2005,69407.28865,73.478,7431823,Europe,EU
CHE,Switzerland,2010,74290.26196,73.607,7825753,Europe,EU
CHE,Switzerland,2015,76566.07725,73.718,8283934,Europe,EU
CHE,Switzerland,2020,77324.88709,73.915,8640582,Europe,EU
CHL,Chile,1960,7537.58237,67.836,8153350,South America,SA
CHL,Chile,1965,7677.37097,71.696,9012938,South America,SA
CHL,Chile,1970,8360.09347,75.227,9845344,South America,SA
CHL,Chile,1975,6581.96506,78.386,10671559,South America,SA
CHL,Chile,1980,8417.02994,81.243,11508550,South America,SA
CHL,Chile,1985,8433.43664,82.624,12395274,South America,SA
CHL,Chile,1990,11657.76447,83.271,13437176,South America,SA
CHL,Chile,1995,15580.62376,84.545,14527381,South America,SA
CHL,Chile,2000,17899.00288,86.073,15503635,South America,SA
CHL,Chile,2005,21053.24367,86.783,16348778,South America,SA
CHL,Chile,2010,24116.76947,87.074,17181464,South America,SA
CHL,Chile,2015,27811.37452,87.36,18047625,South America,SA
CHL,Chile,2020,26248.56164,87.727,19370624,South America,SA
CHN,China,1960,913.00393999999994,16.203,654802069,Asia,AS
CHN,China,1965,954.26984,18.086,723415733,Asia,AS
CHN,China,1970,947.25549,17.4,823308967,Asia,AS
CHN,China,1975,966.91149,17.4,916116793,Asia,AS
CHN,China,1980,1041.07576,19.358,983163542,Asia,AS
CHN,China,1985,1617.48636,22.874,1059807820,Asia,AS
CHN,China,1990,2137.8588,26.442,1153582724,Asia,AS
CHN,China,1995,3222.91661,30.961,1220133927,Asia,AS
CHN,China,2000,4330.14292,35.877,1269581175,Asia,AS
CHN,China,2005,6453.21746,42.522,1310027136,Asia,AS
CHN,China,2010,10476.31236,49.226,1351561514,Asia,AS
CHN,China,2015,14856.78076,55.5,1396134174,Asia,AS
CHN,China,2020,19215.15417,61.428,1426106093,Asia,AS
CIV,Cote d'Ivoire,1960,2741.57113,17.679,3673666,Africa,AF
CIV,Cote d'Ivoire,1965,3442.0958,24.5,4442377,Africa,AF
CIV,Cote d'Ivoire,1970,4073.09591,28.163,5411567,Africa,AF
CIV,Cote d'Ivoire,1975,4232.76929,32.229,6776297,Africa,AF
CIV,Cote d'Ivoire,1980,4405.9324,36.829,8220714,Africa,AF
CIV,Cote d'Ivoire,1985,4440.82213,37.91,10040483,Africa,AF
CIV,Cote d'Ivoire,1990,4382.00012,39.345,12189778,Africa,AF
CIV,Cote d'Ivoire,1995,4136.58843,41.21,14855565,Africa,AF
CIV,Cote d'Ivoire,2000,4549.02362,43.155,17699004,Africa,AF
CIV,Cote d'Ivoire,2005,3956.21195,45.234,20068458,Africa,AF
CIV,Cote d'Ivoire,2010,4338.65248,47.33,22488065,Africa,AF
CIV,Cote d'Ivoire,2015,5110.86241,49.444,25246342,Africa,AF
CIV,Cote d'Ivoire,2020,5787.81533,51.706,28915449,Africa,AF
CMR,Cameroon,1960,1812.67741,13.937,5159057,Africa,AF
CMR,Cameroon,1965,1931.1579,16.88,5704686,Africa,AF
CMR,Cameroon,1970,2068.44162,20.3,6449793,Africa,AF
CMR,Cameroon,1975,2183.57652,27.292,7397120,Africa,AF
CMR,Cameroon,1980,2719.18103,31.921,8512219,Africa,AF
CMR,Cameroon,1985,4404.21027,36.232,9761730,Africa,AF
CMR,Cameroon,1990,3848.34316,39.657,11331821,Africa,AF
CMR,Cameroon,1995,3188.06737,42.573,13058516,Africa,AF
CMR,Cameroon,2000,3621.82516,45.542,14912631,Africa,AF
CMR,Cameroon,2005,4096.94001,48.541,17074594,Africa,AF
CMR,Cameroon,2010,4286.58303,51.559,19668066,Africa,AF
CMR,Cameroon,2015,4698.66678,54.578,22763414,Africa,AF
CMR,Cameroon,2020,4763.48194,57.56,26210558,Africa,AF
COD,"Congo, Dem. Rep.",1960,1809.35299,22.3,15264846,Africa,AF
COD,"Congo, Dem. Rep.",1965,1789.61303,23.434,17427802,Africa,AF
COD,"Congo, Dem. Rep.",1970,1911.9041,24.608,20137436,Africa,AF
COD,"Congo, Dem. Rep.",1975,1936.90458,25.821,23021101,Africa,AF
COD,"Congo, Dem. Rep.",1980,1583.39289,27.072,26711099,Africa,AF
COD,"Congo, Dem. Rep.",1985,1777.66353,28.513,31264816,Africa,AF
COD,"Congo, Dem. Rep.",1990,1781.63771,30.633,36684063,Africa,AF
COD,"Congo, Dem. Rep.",1995,1094.0399,32.838,44433704,Africa,AF
COD,"Congo, Dem. Rep.",2000,828.85463,35.122,50507442,Africa,AF
COD,"Congo, Dem. Rep.",2005,896.68398,37.481,58775724,Africa,AF
COD,"Congo, Dem. Rep.",2010,1031.25015,40.013,68563038,Africa,AF
COD,"Congo, Dem. Rep.",2015,1267.90549,42.74,81035531,Africa,AF
COD,"Congo, Dem. Rep.",2020,1277.63286,45.638,95989998,Africa,AF
COG,"Congo, Rep.",1960,2591.03068,31.601,1056732,Africa,AF
COG,"Congo, Rep.",1965,2704.73993,35.273,1207880,Africa,AF
COG,"Congo, Rep.",1970,3377.23557,39.129,1397638,Africa,AF
COG,"Congo, Rep.",1975,3879.64111,43.264,1627032,Africa,AF
COG,"Congo, Rep.",1980,4369.01099,47.857,1828985,Africa,AF
COG,"Congo, Rep.",1985,5815.96324,52.221,2059311,Africa,AF
COG,"Congo, Rep.",1990,7454.49302,54.324,2380560,Africa,AF
COG,"Congo, Rep.",1995,7028.46819,56.413,2749461,Africa,AF
COG,"Congo, Rep.",2000,7242.9104,58.695,3151345,Africa,AF
COG,"Congo, Rep.",2005,7763.52189,60.988,3696393,Africa,AF
COG,"Congo, Rep.",2010,8583.6618,63.256,4462290,Africa,AF
COG,"Congo, Rep.",2015,8977.70682,65.543,5097581,Africa,AF
COG,"Congo, Rep.",2020,6350.50913,67.829,5752791,Africa,AF
COL,Colombia,1960,4666.8532,46.268,15606209,South America,SA
COL,Colombia,1965,4847.31054,52.82,18169050,South America,SA
COL,Colombia,1970,5415.05439,56.635,20811782,South America,SA
COL,Colombia,1975,6148.45304,60.306,23344644,South America,SA
COL,Colombia,1980,6949.00403,63.738,26104498,South America,SA
COL,Colombia,1985,8094.87593,67.034,29268470,South America,SA
COL,Colombia,1990,10076.56366,69.481,32440069,South America,SA
COL,Colombia,1995,11360.93228,71.777,35804662,South America,SA
COL,Colombia,2000,10888.18673,73.957,39089934,South America,SA
COL,Colombia,2005,12049.36378,76.024,42128977,South America,SA
COL,Colombia,2010,14037.06427,77.964,44777319,South America,SA
COL,Colombia,2015,16821.38014,79.764,46969940,South America,SA
COL,Colombia,2020,15861.49993,81.425,50629997,South America,SA
COM,Comoros,1960,880.34954,12.551,197700,Africa,AF
COM,Comoros,1965,1142.63217,16.978,214967,Africa,AF
COM,Comoros,1970,1251.21098,19.39,244185,Africa,AF
COM,Comoros,1975,1372.32816,21.239,287692,Africa,AF
COM,Comoros,1980,1429.82431,23.215,337721,Africa,AF
COM,Comoros,1985,1834.54069,25.469,388352,Africa,AF
COM,Comoros,1990,2069.78692,27.869,444596,Africa,AF
COM,Comoros,1995,2072.25939,28.301,490586,Africa,AF
COM,Comoros,2000,2273.33458,28.08,536080,Africa,AF
COM,Comoros,2005,2377.91779,27.875,592677,Africa,AF
COM,Comoros,2010,2652.35554,27.973,654836,Africa,AF
COM,Comoros,2015,3105.59296,28.47,726682,Africa,AF
COM,Comoros,2020,3424.53969,29.38,802163,Africa,AF
CPV,Cape Verde,1960,1198.28094,16.679,210024,Africa,AF
CPV,Cape Verde,1965,1150.25198,18.073,244856,Africa,AF
CPV,Cape Verde,1970,1348.63827,19.559,287885,Africa,AF
CPV,Cape Verde,1975,1163.60868,21.419,305847,Africa,AF
CPV,Cape Verde,1980,1214.2351,23.518,323301,Africa,AF
CPV,Cape Verde,1985,1721.31454,31.5,347365,Africa,AF
CPV,Cape Verde,1990,2043.33713,44.12,375428,Africa,AF
CPV,Cape Verde,1995,2863.98683,48.768,418104,Africa,AF
CPV,Cape Verde,2000,4548.5827,53.435,453317,Africa,AF
CPV,Cape Verde,2005,5610.24679,57.689,485115,Africa,AF
CPV,Cape Verde,2010,7072.1215,61.821,509784,Africa,AF
CPV,Cape Verde,2015,7560.13649,64.3,512394,Africa,AF
CPV,Cape Verde,2020,7207.86854,66.652,514679,Africa,AF
CYP,Cyprus,1960,4327.03082,35.628,586490,Europe,EU
CYP,Cyprus,1960,4327.03082,35.628,586490,Asia,AS
CYP,Cyprus,1965,5791.29336,38.188,617736,Europe,EU
CYP,Cyprus,1965,5791.29336,38.188,617736,Asia,AS
CYP,Cyprus,1970,7794.31448,40.761,647446,Europe,EU
CYP,Cyprus,1970,7794.31448,40.761,647446,Asia,AS
CYP,Cyprus,1975,7059.36172,47.277,659405,Europe,EU
CYP,Cyprus,1975,7059.36172,47.277,659405,Asia,AS
CYP,Cyprus,1980,11911.00284,58.614,683076,Europe,EU
CYP,Cyprus,1980,11911.00284,58.614,683076,Asia,AS
CYP,Cyprus,1985,17244.95414,64.678,731277,Europe,EU
CYP,Cyprus,1985,17244.95414,64.678,731277,Asia,AS
CYP,Cyprus,1990,25494.36518,66.776,788351,Europe,EU
CYP,Cyprus,1990,25494.36518,66.776,788351,Asia,AS
CYP,Cyprus,1995,29909.31259,68.038,862695,Europe,EU
CYP,Cyprus,1995,29909.31259,68.038,862695,Asia,AS
CYP,Cyprus,2000,35146.08645,68.648,947667,Europe,EU
CYP,Cyprus,2000,35146.08645,68.648,947667,Asia,AS
CYP,Cyprus,2005,40867.72119,68.268,1036151,Europe,EU
CYP,Cyprus,2005,40867.72119,68.268,1036151,Asia,AS
CYP,Cyprus,2010,42103.49219,67.551,1127816,Europe,EU
CYP,Cyprus,2010,42103.49219,67.551,1127816,Asia,AS
CYP,Cyprus,2015,37903.125,66.946,1219502,Europe,EU
CYP,Cyprus,2015,37903.125,66.946,1219502,Asia,AS
CYP,Cyprus,2020,44203.89063,66.821,1302247,Europe,EU
CYP,Cyprus,2020,44203.89063,66.821,1302247,Asia,AS
CZE,Czech Republic,1960,11088.73092,59.548,9541605,Europe,EU
CZE,Czech Republic,1965,11925.57213,62.016,9706847,Europe,EU
CZE,Czech Republic,1970,13797.86745,64.402,9801252,Europe,EU
CZE,Czech Republic,1975,17763.23107,69.917,10030774,Europe,EU
CZE,Czech Republic,1980,20566.93729,75.167,10275403,Europe,EU
CZE,Czech Republic,1985,22035.01643,75.365,10305145,Europe,EU
CZE,Czech Republic,1990,24986.32037,75.22,10301988,Europe,EU
CZE,Czech Republic,1995,25066.20402,74.643,10312042,Europe,EU
CZE,Czech Republic,2000,28370.00746,73.988,10236804,Europe,EU
CZE,Czech Republic,2005,35070.80206,73.602,10280153,Europe,EU
CZE,Czech Republic,2010,39097.38862,73.255,10464035,Europe,EU
CZE,Czech Republic,2015,42066.57598,73.477,10524416,Europe,EU
CZE,Czech Republic,2020,45119.93873,74.061,10550129,Europe,EU
DEU,Germany,1960,15008.53361,71.384,72811640,Europe,EU
DEU,Germany,1965,17630.91694,71.955,75966964,Europe,EU
DEU,Germany,1970,20365.9555,72.274,78205102,Europe,EU
DEU,Germany,1975,22281.95624,72.56,78701865,Europe,EU
DEU,Germany,1980,25805.79508,72.844,78315375,Europe,EU
DEU,Germany,1985,31941.42573,72.711,77863424,Europe,EU
DEU,Germany,1990,39759.50503,73.118,79707959,Europe,EU
DEU,Germany,1995,43965.05515,73.922,82019890,Europe,EU
DEU,Germany,2000,49166.3611,74.965,81797258,Europe,EU
DEU,Germany,2005,51073.62335,75.98,82046731,Europe,EU
DEU,Germany,2010,54865.43053,76.966,80830924,Europe,EU
DEU,Germany,2015,59699.33812,77.2,82077550,Europe,EU
DEU,Germany,2020,60342.6627,77.453,83628708,Europe,EU
DJI,Djibouti,1960,5912.81495,50.325,86024,Africa,AF
DJI,Djibouti,1965,5973.2889,56.109,109092,Africa,AF
DJI,Djibouti,1970,7188.75025,61.777,145175,Africa,AF
DJI,Djibouti,1975,6825.47856,67.142,209908,Africa,AF
DJI,Djibouti,1980,4395.78281,72.096,325815,Africa,AF
DJI,Djibouti,1985,3980.54516,74.925,402687,Africa,AF
DJI,Djibouti,1990,3044.7133,75.957,579538,Africa,AF
DJI,Djibouti,1995,2748.777,76.3,633074,Africa,AF
DJI,Djibouti,2000,2521.51529,76.532,747318,Africa,AF
DJI,Djibouti,2005,2968.8721,76.761,839167,Africa,AF
DJI,Djibouti,2010,3762.14345,76.999,930251,Africa,AF
DJI,Djibouti,2015,4961.86819,77.417,1020313,Africa,AF
DJI,Djibouti,2020,5791.47768,78.062,1105188,Africa,AF
DNK,Denmark,1960,17159.03039,73.687,4579342,Europe,EU
DNK,Denmark,1965,20861.73305,77.048,4758836,Europe,EU
DNK,Denmark,1970,24047.36956,79.737,4928668,Europe,EU
DNK,Denmark,1975,25135.06469,82.146,5060400,Europe,EU
DNK,Denmark,1980,27653.15849,83.723,5123081,Europe,EU
DNK,Denmark,1985,36699.50547,84.351,5113880,Europe,EU
DNK,Denmark,1990,43847.72888,84.843,5141025,Europe,EU
DNK,Denmark,1995,49167.47801,84.979,5233360,Europe,EU
DNK,Denmark,2000,56639.72033,85.1,5339658,Europe,EU
DNK,Denmark,2005,60326.06387,85.856,5419555,Europe,EU
DNK,Denmark,2010,59696.35452,86.795,5547863,Europe,EU
DNK,Denmark,2015,61893.24606,87.526,5683701,Europe,EU
DNK,Denmark,2020,65204.54932,88.116,5831530,Europe,EU
DZA,Algeria,1960,4817.39614,30.51,11424922,Africa,AF
DZA,Algeria,1965,4327.74364,37.643,12365976,Africa,AF
DZA,Algeria,1970,5261.56648,39.5,13783719,Africa,AF
DZA,Algeria,1975,5946.10935,40.33,15678596,Africa,AF
DZA,Algeria,1980,7360.63927,43.542,18607174,Africa,AF
DZA,Algeria,1985,9520.83224,47.968,22008544,Africa,AF
DZA,Algeria,1990,9808.17009,52.085,25375810,Africa,AF
DZA,Algeria,1995,9650.07633,55.997,28470191,Africa,AF
DZA,Algeria,2000,11174.92144,59.919,30903893,Africa,AF
DZA,Algeria,2005,13707.76136,63.83,33109249,Africa,AF
DZA,Algeria,2010,14496.42113,67.54,36188236,Africa,AF
DZA,Algeria,2015,15239.51715,70.848,40019529,Africa,AF
DZA,Algeria,2020,14194.15575,73.733,44042091,Africa,AF
ECU,Ecuador,1960,4519.08842,33.878,4590891,South America,SA
ECU,Ecuador,1965,4901.77672,36.64,5303963,South America,SA
ECU,Ecuador,1970,5236.29392,39.278,6155387,South America,SA
ECU,Ecuador,1975,6577.40633,42.363,7118251,South America,SA
ECU,Ecuador,1980,7320.96798,46.961,8165877,South America,SA
ECU,Ecuador,1985,8197.46344,51.215,9311154,South America,SA
ECU,Ecuador,1990,8869.60584,55.09,10473673,South America,SA
ECU,Ecuador,1995,9482.59963,57.766,11590514,South America,SA
ECU,Ecuador,2000,9189.07161,60.299,12689206,South America,SA
ECU,Ecuador,2005,10685.98054,61.711,13846163,South America,SA
ECU,Ecuador,2010,11665.69786,62.69,15076695,South America,SA
ECU,Ecuador,2015,13881.57007,63.398,16266225,South America,SA
ECU,Ecuador,2020,12440.32637,64.166,17546065,South America,SA
EGY,Egypt,1960,2036.91939,37.864,26896479,Africa,AF
EGY,Egypt,1965,2460.74198,39.686,30629174,Africa,AF
EGY,Egypt,1970,2693.03494,41.477,34623990,Africa,AF
EGY,Egypt,1975,2932.1491,43.291,38875327,Africa,AF
EGY,Egypt,1980,4202.91027,43.858,43950413,Africa,AF
EGY,Egypt,1985,5921.01005,43.938,50734968,Africa,AF
EGY,Egypt,1990,7143.51701,43.478,58396618,Africa,AF
EGY,Egypt,1995,8014.82187,42.814,65652622,Africa,AF
EGY,Egypt,2000,9804.51932,42.797,73083284,Africa,AF
EGY,Egypt,2005,10701.49106,43.027,81101004,Africa,AF
EGY,Egypt,2010,13128.98783,43.019,89196072,Africa,AF
EGY,Egypt,2015,13425.91196,42.785,99597342,Africa,AF
EGY,Egypt,2020,15309.23599,42.783,109315124,Africa,AF
ERI,Eritrea,1960,925.38622,9.799,972547,Africa,AF
ERI,Eritrea,1965,1014.32784,11.466,1098335,Africa,AF
ERI,Eritrea,1970,1071.1095,12.678,1243453,Africa,AF
ERI,Eritrea,1975,986.70439,13.511,1408210,Africa,AF
ERI,Eritrea,1980,949.0696,14.39,1605797,Africa,AF
ERI,Eritrea,1985,775.43203,15.757,1807816,Africa,AF
ERI,Eritrea,1990,826.75314,18.905,2032737,Africa,AF
ERI,Eritrea,1995,1424.24426,22.514,2025267,Africa,AF
ERI,Eritrea,2000,1470.36504,26.587,2247031,Africa,AF
ERI,Eritrea,2005,1406.10549,31.099,2661215,Africa,AF
ERI,Eritrea,2010,1306.466,35.175,2945186,Africa,AF
ERI,Eritrea,2015,1603.317,38.206,3105546,Africa,AF
ERI,Eritrea,2020,1912.47217,41.347,3291271,Africa,AF
ESP,Spain,1960,6713.18452,56.567,30404939,Europe,EU
ESP,Spain,1965,9909.73808,61.278,32110668,Europe,EU
ESP,Spain,1970,12715.64071,66.038,33812723,Europe,EU
ESP,Spain,1975,16208.59331,69.57,35795769,Europe,EU
ESP,Spain,1980,17327.13369,72.789,37537565,Europe,EU
ESP,Spain,1985,21081.35002,74.213,38601321,Europe,EU
ESP,Spain,1990,29891.57274,75.351,39084979,Europe,EU
ESP,Spain,1995,32419.39467,75.856,40052738,Europe,EU
ESP,Spain,2000,39364.63231,76.262,41019774,Europe,EU
ESP,Spain,2005,43400.49882,77.263,43958885,Europe,EU
ESP,Spain,2010,42695.52742,78.442,46840471,Europe,EU
ESP,Spain,2015,43053.76143,79.602,46683686,Europe,EU
ESP,Spain,2020,41553.44779,80.81,47679489,Europe,EU
EST,Estonia,1960,10743.00219,57.533,1220453,Europe,EU
EST,Estonia,1965,12600.21452,61.348,1292804,Europe,EU
EST,Estonia,1970,15120.4566,64.947,1361866,Europe,EU
EST,Estonia,1975,16891.97026,67.589,1423504,Europe,EU
EST,Estonia,1980,18192.18368,69.711,1476463,Europe,EU
EST,Estonia,1985,19755.82108,70.767,1525280,Europe,EU
EST,Estonia,1990,20345.04717,71.231,1570303,Europe,EU
EST,Estonia,1995,15335.05271,70.3,1452777,Europe,EU
EST,Estonia,2000,20974.85794,69.368,1396997,Europe,EU
EST,Estonia,2005,30444.97207,68.735,1354848,Europe,EU
EST,Estonia,2010,30379.10913,68.094,1331448,Europe,EU
EST,Estonia,2015,36729.80725,68.416,1314576,Europe,EU
EST,Estonia,2020,41340.76465,69.229,1329669,Europe,EU
ETH,Ethiopia,1960,812.72881,6.433,21376693,Africa,AF
ETH,Ethiopia,1965,936.69011,7.587,24310612,Africa,AF
ETH,Ethiopia,1970,967.82704,8.588,27829128,Africa,AF
ETH,Ethiopia,1975,913.95596,9.46,31723252,Africa,AF
ETH,Ethiopia,1980,901.15744,10.41,34428514,Africa,AF
ETH,Ethiopia,1985,832.26998,11.453,39842136,Africa,AF
ETH,Ethiopia,1990,962.09165,12.621,47609755,Africa,AF
ETH,Ethiopia,1995,805.14145,13.827,57537335,Africa,AF
ETH,Ethiopia,2000,838.63896,14.74,67411494,Africa,AF
ETH,Ethiopia,2005,962.42678,15.7,78367470,Africa,AF
ETH,Ethiopia,2010,1381.19045,17.319,90538514,Africa,AF
ETH,Ethiopia,2015,1957.41454,19.428,103867135,Africa,AF
ETH,Ethiopia,2020,2516.54908,21.695,118917671,Africa,AF
FIN,Finland,1960,11952.65115,55.29,4429624,Europe,EU
FIN,Finland,1965,14338.61694,59.658,4564150,Europe,EU
FIN,Finland,1970,17453.05519,63.704,4606305,Europe,EU
FIN,Finland,1975,20463.75311,67.831,4711168,Europe,EU
FIN,Finland,1980,22818.36187,71.727,4779350,Europe,EU
FIN,Finland,1985,29459.73968,75.808,4902261,Europe,EU
FIN,Finland,1990,37953.94831,79.367,4986575,Europe,EU
FIN,Finland,1995,36481.51624,80.963,5107922,Europe,EU
FIN,Finland,2000,46480.58365,82.183,5176202,Europe,EU
FIN,Finland,2005,52477.08912,82.905,5246082,Europe,EU
FIN,Finland,2010,54017.94586,83.77,5363350,Europe,EU
FIN,Finland,2015,52782.48739,85.225,5479717,Europe,EU
FIN,Finland,2020,55424.8575,85.517,5529612,Europe,EU
FJI,Fiji,1960,3716.37951,29.681,404887,Oceania,OC
FJI,Fiji,1965,3586.8484,32.582,472575,Oceania,OC
FJI,Fiji,1970,4423.58696,34.758,531188,Oceania,OC
FJI,Fiji,1975,5238.60359,36.721,575906,Oceania,OC
FJI,Fiji,1980,5586.27003,37.769,641975,Oceania,OC
FJI,Fiji,1985,6081.68925,38.523,723761,Oceania,OC
FJI,Fiji,1990,8052.19916,41.611,773316,Oceania,OC
FJI,Fiji,1995,8818.33069,45.496,798746,Oceania,OC
FJI,Fiji,2000,9351.40908,47.908,840909,Oceania,OC
FJI,Fiji,2005,10112.25152,49.871,882379,Oceania,OC
FJI,Fiji,2010,10167.34962,52.171,910419,Oceania,OC
FJI,Fiji,2015,12131.09169,54.726,918578,Oceania,OC
FJI,Fiji,2020,11254.96982,57.247,914963,Oceania,OC
FRA,France,1960,13827.29748,61.88,46428134,Europe,EU
FRA,France,1965,16622.09477,67.071,48772830,Europe,EU
FRA,France,1970,20137.54901,71.055,50813075,Europe,EU
FRA,France,1975,22448.95491,72.926,52746325,Europe,EU
FRA,France,1980,25027.44267,73.282,53941061,Europe,EU
FRA,France,1985,30236.83998,73.65,55467150,Europe,EU
FRA,France,1990,38340.95776,74.056,56990238,Europe,EU
FRA,France,1995,40292.26927,74.912,58192203,Europe,EU
FRA,France,2000,45733.71556,75.871,59483717,Europe,EU
FRA,France,2005,48195.83192,77.13,61625032,Europe,EU
FRA,France,2010,49130.42294,78.369,63417363,Europe,EU
FRA,France,2015,50682.89536,79.655,64916336,Europe,EU
FRA,France,2020,49311.33341,80.975,65905277,Europe,EU
FSM,"Micronesia, Fed. Sts.",1960,1823.26239,22.312,43061,Oceania,OC
FSM,"Micronesia, Fed. Sts.",1965,1987.88005,23.537,50684,Oceania,OC
FSM,"Micronesia, Fed. Sts.",1970,2167.65556,24.808,58922,Oceania,OC
FSM,"Micronesia, Fed. Sts.",1975,3335.90852,25.858,67428,Oceania,OC
FSM,"Micronesia, Fed. Sts.",1980,2937.6096,26.445,77407,Oceania,OC
FSM,"Micronesia, Fed. Sts.",1985,3034.39324,26.149,89707,Oceania,OC
FSM,"Micronesia, Fed. Sts.",1990,3271.86668,25.818,100888,Oceania,OC
FSM,"Micronesia, Fed. Sts.",1995,3793.82835,25.068,110230,Oceania,OC
FSM,"Micronesia, Fed. Sts.",2000,3685.98012,22.33,112044,Oceania,OC
FSM,"Micronesia, Fed. Sts.",2005,3787.95304,22.33,111412,Oceania,OC
FSM,"Micronesia, Fed. Sts.",2010,3842.23613,22.298,107540,Oceania,OC
FSM,"Micronesia, Fed. Sts.",2015,3788.9341,22.456,108716,Oceania,OC
FSM,"Micronesia, Fed. Sts.",2020,3850.53053,22.933,110916,Oceania,OC
GAB,Gabon,1960,5135.91834,17.398,512316,Africa,AF
GAB,Gabon,1965,6634.52747,23.775,546308,Africa,AF
GAB,Gabon,1970,8419.75817,32,595846,Africa,AF
GAB,Gabon,1975,16430.257,42.971,662197,Africa,AF
GAB,Gabon,1980,14105.48622,54.682,748389,Africa,AF
GAB,Gabon,1985,17064.36887,62.402,856726,Africa,AF
GAB,Gabon,1990,18735.95954,69.143,983734,Africa,AF
GAB,Gabon,1995,21328.4122,74.797,1123213,Africa,AF
GAB,Gabon,2000,20439.64102,78.879,1275572,Africa,AF
GAB,Gabon,2005,20089.26663,82.452,1463495,Africa,AF
GAB,Gabon,2010,18530.57609,85.533,1719879,Africa,AF
GAB,Gabon,2015,20147.71162,88.118,2040989,Africa,AF
GAB,Gabon,2020,18681.48407,90.092,2322539,Africa,AF
GBR,UK,1960,16107.12216,78.444,52538548,Europe,EU
GBR,UK,1965,17554.44654,77.821,54359020,Europe,EU
GBR,UK,1970,18739.87041,77.117,55663801,Europe,EU
GBR,UK,1975,19879.80541,77.683,56220143,Europe,EU
GBR,UK,1980,21237.59308,78.481,56282103,Europe,EU
GBR,UK,1985,26888.46795,78.39,56606414,Europe,EU
GBR,UK,1990,34496.95059,78.14,57367862,Europe,EU
GBR,UK,1995,36792.38627,78.353,58154635,Europe,EU
GBR,UK,2000,43163.51653,78.651,59057338,Europe,EU
GBR,UK,2005,47788.26355,79.915,60596108,Europe,EU
GBR,UK,2010,47013.88241,81.302,63006483,Europe,EU
GBR,UK,2015,49983.34859,82.626,65382110,Europe,EU
GBR,UK,2020,47144.72215,83.903,67351861,Europe,EU
GEO,Georgia,1960,6566.7348,43.069,4053800,Europe,EU
GEO,Georgia,1960,6566.7348,43.069,4053800,Asia,AS
GEO,Georgia,1965,7780.97589,45.534,4429322,Europe,EU
GEO,Georgia,1965,7780.97589,45.534,4429322,Asia,AS
GEO,Georgia,1970,10394.2261,48.006,4804055,Europe,EU
GEO,Georgia,1970,10394.2261,48.006,4804055,Asia,AS
GEO,Georgia,1975,11620.18845,50.344,4979409,Europe,EU
GEO,Georgia,1975,11620.18845,50.344,4979409,Asia,AS
GEO,Georgia,1980,12337.08029,52.497,5165546,Europe,EU
GEO,Georgia,1980,12337.08029,52.497,5165546,Asia,AS
GEO,Georgia,1985,16003.06383,54.194,5376896,Europe,EU
GEO,Georgia,1985,16003.06383,54.194,5376896,Asia,AS
GEO,Georgia,1990,13783.49522,55.038,5448868,Europe,EU
GEO,Georgia,1990,13783.49522,55.038,5448868,Asia,AS
GEO,Georgia,1995,3968.25928,53.841,4925743,Europe,EU
GEO,Georgia,1995,3968.25928,53.841,4925743,Asia,AS
GEO,Georgia,2000,5817.64099,52.638,4328358,Europe,EU
GEO,Georgia,2000,5817.64099,52.638,4328358,Asia,AS
GEO,Georgia,2005,8531.25642,53.605,4026131,Europe,EU
GEO,Georgia,2005,8531.25642,53.605,4026131,Asia,AS
GEO,Georgia,2010,11294.36859,55.535,3895925,Europe,EU
GEO,Georgia,2010,11294.36859,55.535,3895925,Asia,AS
GEO,Georgia,2015,14936.84341,57.448,3791573,Europe,EU
GEO,Georgia,2015,14936.84341,57.448,3791573,Asia,AS
GEO,Georgia,2020,17031.14403,59.453,3795678,Europe,EU
GEO,Georgia,2020,17031.14403,59.453,3795678,Asia,AS
GHA,Ghana,1960,2663.85574,23.252,6961215,Africa,AF
GHA,Ghana,1965,2627.55885,26.067,7882606,Africa,AF
GHA,Ghana,1970,2668.07401,28.958,8925813,Africa,AF
GHA,Ghana,1975,2305.14723,30.049,10294308,Africa,AF
GHA,Ghana,1980,2120.07511,31.163,11941448,Africa,AF
GHA,Ghana,1985,2067.87633,32.896,13661229,Africa,AF
GHA,Ghana,1990,2624.40597,36.441,15394648,Africa,AF
GHA,Ghana,1995,2909.96893,40.14,17399017,Africa,AF
GHA,Ghana,2000,3247.06701,43.929,19637087,Africa,AF
GHA,Ghana,2005,3683.02601,47.308,22449438,Africa,AF
GHA,Ghana,2010,4495.68917,50.713,25474995,Africa,AF
GHA,Ghana,2015,5607.36636,54.086,28696068,Africa,AF
GHA,Ghana,2020,6412.68542,57.349,31887809,Africa,AF
GIN,Guinea,1960,1159.46738,10.472,3556749,Africa,AF
GIN,Guinea,1965,1325.12115,12.978,3890716,Africa,AF
GIN,Guinea,1970,1322.36654,15.977,4277535,Africa,AF
GIN,Guinea,1975,1488.8086,19.515,4653876,Africa,AF
GIN,Guinea,1980,1596.71053,23.617,5047419,Africa,AF
GIN,Guinea,1985,1608.45858,26.621,5610373,Africa,AF
GIN,Guinea,1990,1771.44373,28.026,6434374,Africa,AF
GIN,Guinea,1995,1915.86853,29.475,7553249,Africa,AF
GIN,Guinea,2000,2188.59249,30.869,8428832,Africa,AF
GIN,Guinea,2005,2421.05132,32.257,9245844,Africa,AF
GIN,Guinea,2010,2594.8305,33.678,10396086,Africa,AF
GIN,Guinea,2015,2869.85157,35.141,11767070,Africa,AF
GIN,Guinea,2020,3630.99331,36.875,13371183,Africa,AF
GMB,Gambia,1960,1706.61741,12.129,398060,Africa,AF
GMB,Gambia,1965,1945.6445,14.533,455952,Africa,AF
GMB,Gambia,1970,1975.95422,19.496,524105,Africa,AF
GMB,Gambia,1975,2098.56803,24.426,606821,Africa,AF
GMB,Gambia,1980,1846.03456,28.414,713913,Africa,AF
GMB,Gambia,1985,2196.46783,33.019,858874,Africa,AF
GMB,Gambia,1990,2401.07258,38.312,1054696,Africa,AF
GMB,Gambia,1995,2286.40783,43.362,1264313,Africa,AF
GMB,Gambia,2000,2538.65544,47.868,1455084,Africa,AF
GMB,Gambia,2005,2606.00889,52.02,1667037,Africa,AF
GMB,Gambia,2010,2824.21259,55.662,1926630,Africa,AF
GMB,Gambia,2015,2495.95742,59.228,2224529,Africa,AF
GMB,Gambia,2020,2702.3192,62.582,2515733,Africa,AF
GNB,Guinea-Bissau,1960,1176.95319,13.6,577633,Africa,AF
GNB,Guinea-Bissau,1965,1557.6652,14.349,575005,Africa,AF
GNB,Guinea-Bissau,1970,1575.7643,15.132,584403,Africa,AF
GNB,Guinea-Bissau,1975,1634.06783,15.95,650966,Africa,AF
GNB,Guinea-Bissau,1980,1394.89211,17.804,829303,Africa,AF
GNB,Guinea-Bissau,1985,1596.35078,23.704,897697,Africa,AF
GNB,Guinea-Bissau,1990,1869.81915,30.83,973669,Africa,AF
GNB,Guinea-Bissau,1995,1924.86871,34.371,1119949,Africa,AF
GNB,Guinea-Bissau,2000,1903.68346,36.243,1234741,Africa,AF
GNB,Guinea-Bissau,2005,2004.37282,38.157,1381585,Africa,AF
GNB,Guinea-Bissau,2010,2138.02686,40.111,1566347,Africa,AF
GNB,Guinea-Bissau,2015,2203.48514,42.123,1786457,Africa,AF
GNB,Guinea-Bissau,2020,2413.67908,44.196,2013255,Africa,AF
GNQ,Equatorial Guinea,1960,1100.88969,25.537,269807,Africa,AF
GNQ,Equatorial Guinea,1965,1468.31309,26.502,298238,Africa,AF
GNQ,Equatorial Guinea,1970,1365.15297,26.954,320803,Africa,AF
GNQ,Equatorial Guinea,1975,1892.68494,27.41,287901,Africa,AF
GNQ,Equatorial Guinea,1980,1616.58724,27.872,288644,Africa,AF
GNQ,Equatorial Guinea,1985,1652.00685,29.94,385547,Africa,AF
GNQ,Equatorial Guinea,1990,1528.37002,34.745,474274,Africa,AF
GNQ,Equatorial Guinea,1995,2277.44211,40.494,571264,Africa,AF
GNQ,Equatorial Guinea,2000,12428.04693,49.092,703279,Africa,AF
GNQ,Equatorial Guinea,2005,32249.49451,57.74,947367,Africa,AF
GNQ,Equatorial Guinea,2010,33668.87407,65.94,1189085,Africa,AF
GNQ,Equatorial Guinea,2015,27797.79428,70.616,1453923,Africa,AF
GNQ,Equatorial Guinea,2020,17089.153730000002,73.1,1716468,Africa,AF
GRC,Greece,1960,6440.96328,55.936,8384492,Europe,EU
GRC,Greece,1965,9290.83149,59.969,8521363,Europe,EU
GRC,Greece,1970,12903.7381,64.22,8747776,Europe,EU
GRC,Greece,1975,15881.5749,66.94,9016967,Europe,EU
GRC,Greece,1980,18240.18704,69.343,9653414,Europe,EU
GRC,Greece,1985,21280.52509,70.518,10037037,Europe,EU
GRC,Greece,1990,25181.86487,71.467,10258487,Europe,EU
GRC,Greece,1995,26552.61526,72.119,10519235,Europe,EU
GRC,Greece,2000,30878.47385,72.716,10782635,Europe,EU
GRC,Greece,2005,37901.02852,74.452,10981334,Europe,EU
GRC,Greece,2010,37566.74837,76.292,11124670,Europe,EU
GRC,Greece,2015,31347.97657,78.046,10820903,Europe,EU
GRC,Greece,2020,30487.11293,79.715,10699369,Europe,EU
GUY,Guyana,1960,3975.85802,29.009,569143,South America,SA
GUY,Guyana,1965,3990.38152,29.209,635128,South America,SA
GUY,Guyana,1970,4470.82771,29.425,702705,South America,SA
GUY,Guyana,1975,5070.50176,29.967,745393,South America,SA
GUY,Guyana,1980,4716.8932,30.488,774367,South America,SA
GUY,Guyana,1985,4568.54235,30.033,771477,South America,SA
GUY,Guyana,1990,4685.76954,29.583,749894,South America,SA
GUY,Guyana,1995,6642.9817,29.137,758388,South America,SA
GUY,Guyana,2000,7728.71826,28.694,764832,South America,SA
GUY,Guyana,2005,8099.96146,27.822,760914,South America,SA
GUY,Guyana,2010,10374.39476,26.634,749256,South America,SA
GUY,Guyana,2015,12040.08253,26.441,758781,South America,SA
GUY,Guyana,2020,19234.1302,26.786,807481,South America,SA
HRV,Croatia,1960,7377.48015,30.154,4200264,Europe,EU
HRV,Croatia,1965,10029.14735,34.977,4346706,Europe,EU
HRV,Croatia,1970,13303.92869,40.196,4462673,Europe,EU
HRV,Croatia,1975,17170.57877,43.864,4552730,Europe,EU
HRV,Croatia,1980,22530.01634,47.285,4643896,Europe,EU
HRV,Croatia,1985,22817.67189,49.287,4754555,Europe,EU
HRV,Croatia,1990,21461.25297,51.037,4835065,Europe,EU
HRV,Croatia,1995,16595.35979,52.279,4619360,Europe,EU
HRV,Croatia,2000,20744.13228,53.428,4326105,Europe,EU
HRV,Croatia,2005,27321.1578,54.315,4313946,Europe,EU
HRV,Croatia,2010,28704.52721,55.155,4301145,Europe,EU
HRV,Croatia,2015,29471.75209,56.155,4183729,Europe,EU
HRV,Croatia,2020,32493.62543,57.553,3953958,Europe,EU
HUN,Hungary,1960,7142.42813,55.911,9983374,Europe,EU
HUN,Hungary,1965,8453.05409,58.022,10141119,Europe,EU
HUN,Hungary,1970,9438.91891,60.112,10315143,Europe,EU
HUN,Hungary,1975,11470.68766,62.231,10515652,Europe,EU
HUN,Hungary,1980,12728.63008,64.191,10695367,Europe,EU
HUN,Hungary,1985,16087.45254,65.095,10547265,Europe,EU
HUN,Hungary,1990,18794.3011,65.838,10381281,Europe,EU
HUN,Hungary,1995,17651.42471,65.209,10322788,Europe,EU
HUN,Hungary,2000,21395.97367,64.575,10190600,Europe,EU
HUN,Hungary,2005,27496.65624,66.365,10065706,Europe,EU
HUN,Hungary,2010,27801.83382,68.911,9979129,Europe,EU
HUN,Hungary,2015,31485.56754,70.5,9839211,Europe,EU
HUN,Hungary,2020,36119.52117,71.942,9749457,Europe,EU
IDN,Indonesia,1960,1804.82933,14.586,88296070,Asia,AS
IDN,Indonesia,1965,1691.54813,15.789,101365130,Asia,AS
IDN,Indonesia,1970,1868.39696,17.071,115657495,Asia,AS
IDN,Indonesia,1975,2277.51597,19.317,131843848,Asia,AS
IDN,Indonesia,1980,2772.21041,22.104,148950540,Asia,AS
IDN,Indonesia,1985,3504.05483,26.089,166776185,Asia,AS
IDN,Indonesia,1990,5005.11544,30.584,183501098,Asia,AS
IDN,Indonesia,1995,6519.85186,36.076,199888057,Asia,AS
IDN,Indonesia,2000,6206.67205,42.002,216077790,Asia,AS
IDN,Indonesia,2005,7239.70057,45.942,230871650,Asia,AS
IDN,Indonesia,2010,8848.22474,49.914,246305322,Asia,AS
IDN,Indonesia,2015,10893.66211,53.313,261799249,Asia,AS
IDN,Indonesia,2020,12388.54493,56.641,274814866,Asia,AS
IND,India,1960,1318.57799,17.924,435990338,Asia,AS
IND,India,1965,1310.41647,18.785,490140146,Asia,AS
IND,India,1970,1418.27406,19.76,545864268,Asia,AS
IND,India,1975,1398.23066,21.332,611309535,Asia,AS
IND,India,1980,1393.44577,23.098,687354025,Asia,AS
IND,India,1985,1804.14789,24.348,772647793,Asia,AS
IND,India,1990,2356.2242,25.547,864972221,Asia,AS
IND,India,1995,2661.22006,26.607,960301044,Asia,AS
IND,India,2000,3176.02294,27.667,1057922733,Asia,AS
IND,India,2005,3925.41317,29.235,1154676322,Asia,AS
IND,India,2010,5059.28271,30.93,1243481564,Asia,AS
IND,India,2015,6488.14603,32.777,1328024498,Asia,AS
IND,India,2020,7399.53068,34.926,1402617695,Asia,AS
IRL,Ireland,1960,8656.34681,45.184,2827689,Europe,EU
IRL,Ireland,1965,10155.57393,46.233,2873153,Europe,EU
IRL,Ireland,1970,12299.18066,51.276,2961403,Europe,EU
IRL,Ireland,1975,14335.60563,53.634,3180119,Europe,EU
IRL,Ireland,1980,16463.18209,55.333,3415240,Europe,EU
IRL,Ireland,1985,20312.53712,56.275,3531271,Europe,EU
IRL,Ireland,1990,28251.92424,56.929,3514018,Europe,EU
IRL,Ireland,1995,35306.3914,57.949,3610697,Europe,EU
IRL,Ireland,2000,53465.98999,59.155,3802585,Europe,EU
IRL,Ireland,2005,63909.85596,60.477,4155284,Europe,EU
IRL,Ireland,2010,59285.80833,61.542,4559080,Europe,EU
IRL,Ireland,2015,81053.35278,62.538,4702487,Europe,EU
IRL,Ireland,2020,101970.8126,63.653,4982606,Europe,EU
IRN,Iran,1960,5429.68782,33.735,21470434,Asia,AS
IRN,Iran,1965,7279.74175,37.068,25036978,Asia,AS
IRN,Iran,1970,8908.39104,41.212,29145100,Asia,AS
IRN,Iran,1975,11965.61209,45.747,33802973,Asia,AS
IRN,Iran,1980,7399.29741,49.693,39842324,Asia,AS
IRN,Iran,1985,8863.40342,53.395,49582289,Asia,AS
IRN,Iran,1990,8576.4415,56.33,58380092,Asia,AS
IRN,Iran,1995,9732.6873,60.236,62205567,Asia,AS
IRN,Iran,2000,11078.79502,64.042,66418659,Asia,AS
IRN,Iran,2005,13332.7353,67.558,71828455,Asia,AS
IRN,Iran,2010,14737.15585,70.626,77420842,Asia,AS
IRN,Iran,2015,13905.19212,73.358,82619362,Asia,AS
IRN,Iran,2020,14397.15357,75.874,87723443,Asia,AS
IRQ,Iraq,1960,5874.71704,42.899,7022052,Asia,AS
IRQ,Iraq,1965,7077.55076,50.651,8202140,Asia,AS
IRQ,Iraq,1970,7492.61269,56.154,9735611,Asia,AS
IRQ,Iraq,1975,9485.59851,61.379,11543639,Asia,AS
IRQ,Iraq,1980,14456.32153,65.521,13591992,Asia,AS
IRQ,Iraq,1985,9332.61891,68.767,15683430,Asia,AS
IRQ,Iraq,1990,8742.39254,69.706,17581206,Asia,AS
IRQ,Iraq,1995,5022.98673,68.78,20825860,Asia,AS
IRQ,Iraq,2000,11077.40844,68.496,24424056,Asia,AS
IRQ,Iraq,2005,9965.0217,68.766,28407448,Asia,AS
IRQ,Iraq,2010,11816.84102,69.103,31045366,Asia,AS
IRQ,Iraq,2015,13516.0272,69.921,37560535,Asia,AS
IRQ,Iraq,2020,12827.63454,70.893,42116605,Asia,AS
ISL,Iceland,1960,13177.58705,80.3,175560,Europe,EU
ISL,Iceland,1965,16518.42322,82.72,192333,Europe,EU
ISL,Iceland,1970,16924.38097,84.9,204478,Europe,EU
ISL,Iceland,1975,21066.28399,86.669,218028,Europe,EU
ISL,Iceland,1980,26581.9991,88.26,228144,Europe,EU
ISL,Iceland,1985,32291.65491,89.57,241402,Europe,EU
ISL,Iceland,1990,39620.7749,90.75,254833,Europe,EU
ISL,Iceland,1995,38208.27994,91.63,267510,Europe,EU
ISL,Iceland,2000,47246.03444,92.401,281280,Europe,EU
ISL,Iceland,2005,54980.31234,93.037,296834,Europe,EU
ISL,Iceland,2010,54588.97093,93.574,318158,Europe,EU
ISL,Iceland,2015,59978.33157,93.7,330952,Europe,EU
ISL,Iceland,2020,59627.24234,93.898,366614,Europe,EU
ISR,Israel,1960,8927.17992,76.848,1891935,Asia,AS
ISR,Israel,1965,11276.94607,80.94,2331451,Asia,AS
ISR,Israel,1970,14146.99493,84.195,2864778,Asia,AS
ISR,Israel,1975,17008.38334,86.643,3318089,Asia,AS
ISR,Israel,1980,17286.29207,88.583,3721665,Asia,AS
ISR,Israel,1985,21034.0956,89.828,4105359,Asia,AS
ISR,Israel,1990,26020.57897,90.359,4544999,Asia,AS
ISR,Israel,1995,29837.22004,90.866,5354739,Asia,AS
ISR,Israel,2000,33488.81062,91.203,6111190,Asia,AS
ISR,Israel,2005,33568.67104,91.518,6728206,Asia,AS
ISR,Israel,2010,37722.40999,91.826,7336735,Asia,AS
ISR,Israel,2015,40967.37076,92.179,8052908,Asia,AS
ISR,Israel,2020,42915.94169,92.587,8800376,Asia,AS
ITA,Italy,1960,11440.25145,59.361,49514555,Europe,EU
ITA,Italy,1965,14180.81711,61.843,51480728,Europe,EU
ITA,Italy,1970,18366.15499,64.272,53390236,Europe,EU
ITA,Italy,1975,20134.06953,65.643,55166045,Europe,EU
ITA,Italy,1980,24145.84157,66.64,56412084,Europe,EU
ITA,Italy,1985,30887.46672,66.826,56855501,Europe,EU
ITA,Italy,1990,40221.91788,66.726,57031454,Europe,EU
ITA,Italy,1995,43778.58017,66.922,57403344,Europe,EU
ITA,Italy,2000,49342.92612,67.222,57272196,Europe,EU
ITA,Italy,2005,51210.1026,67.738,58519693,Europe,EU
ITA,Italy,2010,49301.69591,68.327,60164213,Europe,EU
ITA,Italy,2015,47311.82553,69.565,60575316,Europe,EU
ITA,Italy,2020,45505.06887,71.039,59912769,Europe,EU
JOR,Jordan,1960,4843.04962,50.879,853471,Asia,AS
JOR,Jordan,1965,6478.79478,54.262,1099440,Asia,AS
JOR,Jordan,1970,4872.83698,55.971,1565163,Asia,AS
JOR,Jordan,1975,4556.82386,57.65,1899055,Asia,AS
JOR,Jordan,1980,7488.17011,60.029,2234186,Asia,AS
JOR,Jordan,1985,8951.25792,66.996,2778810,Asia,AS
JOR,Jordan,1990,7724.41779,73.291,3621908,Asia,AS
JOR,Jordan,1995,8071.73937,78.207,4752096,Asia,AS
JOR,Jordan,2000,8357.11725,78.27,5386945,Asia,AS
JOR,Jordan,2005,10046.66254,79.485,6029587,Asia,AS
JOR,Jordan,2010,10953.53763,86.088,7297043,Asia,AS
JOR,Jordan,2015,9581.68923,90.256,9544729,Asia,AS
JOR,Jordan,2020,9022.6393,91.418,10865228,Asia,AS
JPN,Japan,1960,7244.5024,63.272,96399754,Asia,AS
JPN,Japan,1965,10338.50823,67.866,100916019,Asia,AS
JPN,Japan,1970,16115.85247,71.877,106712368,Asia,AS
JPN,Japan,1975,18036.67411,75.716,113321196,Asia,AS
JPN,Japan,1980,20465.71501,76.175,118358756,Asia,AS
JPN,Japan,1985,27037.97463,76.712,120832163,Asia,AS
JPN,Japan,1990,36561.82247,77.339,123399765,Asia,AS
JPN,Japan,1995,38489.46041,78.016,125672665,Asia,AS
JPN,Japan,2000,39728.19279,78.649,127027789,Asia,AS
JPN,Japan,2005,41444.59908,85.978,127913330,Asia,AS
JPN,Japan,2010,40881.79724,90.812,128185275,Asia,AS
JPN,Japan,2015,43386.71007,91.381,127275872,Asia,AS
JPN,Japan,2020,42992.47964,91.782,126304543,Asia,AS
KAZ,Kazakhstan,1960,10375.2474,44.198,9429981,Europe,EU
KAZ,Kazakhstan,1960,10375.2474,44.198,9429981,Asia,AS
KAZ,Kazakhstan,1965,12333.06572,47.047,10993183,Europe,EU
KAZ,Kazakhstan,1965,12333.06572,47.047,10993183,Asia,AS
KAZ,Kazakhstan,1970,15160.26024,50.236,12419057,Europe,EU
KAZ,Kazakhstan,1970,15160.26024,50.236,12419057,Asia,AS
KAZ,Kazakhstan,1975,16614.54741,52.564,13700843,Europe,EU
KAZ,Kazakhstan,1975,16614.54741,52.564,13700843,Asia,AS
KAZ,Kazakhstan,1980,16433.70897,54.142,15152949,Europe,EU
KAZ,Kazakhstan,1980,16433.70897,54.142,15152949,Asia,AS
KAZ,Kazakhstan,1985,16011.9355,56.01,16031090,Europe,EU
KAZ,Kazakhstan,1985,16011.9355,56.01,16031090,Asia,AS
KAZ,Kazakhstan,1990,16557.069,56.266,17154054,Europe,EU
KAZ,Kazakhstan,1990,16557.069,56.266,17154054,Asia,AS
KAZ,Kazakhstan,1995,10523.87527,55.921,16730536,Europe,EU
KAZ,Kazakhstan,1995,10523.87527,55.921,16730536,Asia,AS
KAZ,Kazakhstan,2000,12862.60587,56.098,15501103,Europe,EU
KAZ,Kazakhstan,2000,12862.60587,56.098,15501103,Asia,AS
KAZ,Kazakhstan,2005,20549.64174,56.463,15968117,Europe,EU
KAZ,Kazakhstan,2005,20549.64174,56.463,15968117,Asia,AS
KAZ,Kazakhstan,2010,26374.84077,56.827,16836810,Europe,EU
KAZ,Kazakhstan,2010,26374.84077,56.827,16836810,Asia,AS
KAZ,Kazakhstan,2015,30893.75949,57.191,18084169,Europe,EU
KAZ,Kazakhstan,2015,30893.75949,57.191,18084169,Asia,AS
KAZ,Kazakhstan,2020,32011.54915,57.671,19482117,Europe,EU
KAZ,Kazakhstan,2020,32011.54915,57.671,19482117,Asia,AS
KEN,Kenya,1960,1694.64041,7.362,7695307,Africa,AF
KEN,Kenya,1965,1780.97206,8.605,9338078,Africa,AF
KEN,Kenya,1970,2051.9858,10.295,11368791,Africa,AF
KEN,Kenya,1975,2125.8605,12.914,13511671,Africa,AF
KEN,Kenya,1980,2398.15799,15.583,16018459,Africa,AF
KEN,Kenya,1985,2784.54056,16.079,19201768,Africa,AF
KEN,Kenya,1990,3555.92601,16.748,22892651,Africa,AF
KEN,Kenya,1995,3504.63937,18.263,26601751,Africa,AF
KEN,Kenya,2000,3555.83431,19.892,30642890,Africa,AF
KEN,Kenya,2005,3766.38292,21.675,35796484,Africa,AF
KEN,Kenya,2010,4211.52463,23.571,41598567,Africa,AF
KEN,Kenya,2015,4679.62183,25.658,47088526,Africa,AF
KEN,Kenya,2020,5057.40115,27.995,52217334,Africa,AF
KGZ,Kyrgyz Republic,1960,5555.04428,34.181,2215508,Asia,AS
KGZ,Kyrgyz Republic,1965,6155.0483,35.851,2615057,Asia,AS
KGZ,Kyrgyz Republic,1970,6798.12239,37.466,3025142,Asia,AS
KGZ,Kyrgyz Republic,1975,7041.98025,38.186,3381363,Asia,AS
KGZ,Kyrgyz Republic,1980,6849.85288,38.627,3729374,Asia,AS
KGZ,Kyrgyz Republic,1985,6471.15557,38.377,4102391,Asia,AS
KGZ,Kyrgyz Republic,1990,6508.76799,37.777,4459543,Asia,AS
KGZ,Kyrgyz Republic,1995,3118.39356,36.349,4713635,Asia,AS
KGZ,Kyrgyz Republic,2000,3730.63998,35.298,5025145,Asia,AS
KGZ,Kyrgyz Republic,2005,4196.50495,35.29,5246332,Asia,AS
KGZ,Kyrgyz Republic,2010,4876.47965,35.306,5491761,Asia,AS
KGZ,Kyrgyz Republic,2015,5600.21433,35.777,6001882,Asia,AS
KGZ,Kyrgyz Republic,2020,5537.79547,36.856,6664140,Asia,AS
KHM,Cambodia,1960,1915.60514,10.285,5449966,Asia,AS
KHM,Cambodia,1965,2109.40583,10.83,6072289,Asia,AS
KHM,Cambodia,1970,2137.11796,15.97,6639182,Asia,AS
KHM,Cambodia,1975,1733.01643,4.477,6581371,Asia,AS
KHM,Cambodia,1980,1849.6143,9.898,5199872,Asia,AS
KHM,Cambodia,1985,1960.52829,13.931,6043783,Asia,AS
KHM,Cambodia,1990,2398.05802,15.546,7374752,Asia,AS
KHM,Cambodia,1995,1723.22113,17.311,10018497,Asia,AS
KHM,Cambodia,2000,1961.44747,18.586,12462336,Asia,AS
KHM,Cambodia,2005,2787.71365,19.174,13439202,Asia,AS
KHM,Cambodia,2010,3711.53751,20.294,14500726,Asia,AS
KHM,Cambodia,2015,4968.57277,22.188,15623251,Asia,AS
KHM,Cambodia,2020,6128.78244,24.232,16725474,Asia,AS
KIR,Kiribati,1960,3272.90986,16.29,47157,Oceania,OC
KIR,Kiribati,1965,3716.16398,19.625,53439,Oceania,OC
KIR,Kiribati,1970,4215.78363,24.088,57510,Oceania,OC
KIR,Kiribati,1975,7613.31351,29.606,60987,Oceania,OC
KIR,Kiribati,1980,2300.78324,32.284,61148,Oceania,OC
KIR,Kiribati,1985,2260.71261,33.541,66496,Oceania,OC
KIR,Kiribati,1990,2316.69618,34.987,74855,Oceania,OC
KIR,Kiribati,1995,2499.6104,36.409,81234,Oceania,OC
KIR,Kiribati,2000,2505.66286,42.958,88613,Oceania,OC
KIR,Kiribati,2005,2212.14122,43.551,98035,Oceania,OC
KIR,Kiribati,2010,2119.64018,47.39,108704,Oceania,OC
KIR,Kiribati,2015,2615.84119,51.619,116815,Oceania,OC
KIR,Kiribati,2020,2834.68581,55.594,126099,Oceania,OC
KOR,South Korea,1960,1762.64108,27.71,26115379,Asia,AS
KOR,South Korea,1965,2028.542,32.351,29284338,Asia,AS
KOR,South Korea,1970,2906.42118,40.704,32542197,Asia,AS
KOR,South Korea,1975,4041.4232,48.033,35875743,Asia,AS
KOR,South Korea,1980,5359.56758,56.72,38141107,Asia,AS
KOR,South Korea,1985,8816.33771,64.876,41148963,Asia,AS
KOR,South Korea,1990,15042.97471,73.844,44081427,Asia,AS
KOR,South Korea,1995,20914.21995,78.239,45368425,Asia,AS
KOR,South Korea,2000,25861.5996,79.621,46766661,Asia,AS
KOR,South Korea,2005,31672.64627,81.345,47851644,Asia,AS
KOR,South Korea,2010,37610.97291,81.936,48769332,Asia,AS
KOR,South Korea,2015,42459.90289,81.634,50983912,Asia,AS
KOR,South Korea,2020,46361.59578,81.414,51858482,Asia,AS
KWT,Kuwait,1960,38862.0991,74.893,311060,Asia,AS
KWT,Kuwait,1965,72210.40147,79.273,521174,Asia,AS
KWT,Kuwait,1970,100688.818,85.661,809114,Asia,AS
KWT,Kuwait,1975,63279.25611,89.384,1104863,Asia,AS
KWT,Kuwait,1980,50509.62239,94.781,1504782,Asia,AS
KWT,Kuwait,1985,33364.07627,97.903,1894242,Asia,AS
KWT,Kuwait,1990,28477.12306,97.974,1684819,Asia,AS
KWT,Kuwait,1995,56907.2168,98.096,1681513,Asia,AS
KWT,Kuwait,2000,58580.26386,99,1954709,Asia,AS
KWT,Kuwait,2005,78600.30407,100,2236788,Asia,AS
KWT,Kuwait,2010,62956.21532,100,2943372,Asia,AS
KWT,Kuwait,2015,57763.51744,100,3834454,Asia,AS
KWT,Kuwait,2020,49372.57295,100,4400144,Asia,AS
LAO,Lao,1960,950.01954,7.946,2121514,Asia,AS
LAO,Lao,1965,978.1962,8.323,2376200,Asia,AS
LAO,Lao,1970,1006.0572,9.625,2669702,Asia,AS
LAO,Lao,1975,1146.4464,11.081,3005521,Asia,AS
LAO,Lao,1980,1166.83153,12.377,3292573,Asia,AS
LAO,Lao,1985,1734.01799,13.804,3739985,Asia,AS
LAO,Lao,1990,1997.54628,15.437,4311955,Asia,AS
LAO,Lao,1995,2376.23618,17.378,4929409,Asia,AS
LAO,Lao,2000,2916.10923,21.977,5431212,Asia,AS
LAO,Lao,2005,3651.7154,27.186,5869523,Asia,AS
LAO,Lao,2010,4946.10564,30.064,6334194,Asia,AS
LAO,Lao,2015,6703.74124,33.108,6801645,Asia,AS
LAO,Lao,2020,7995.59502,36.29,7346533,Asia,AS
LBN,Lebanon,1960,8141.30549,42.343,1794406,Asia,AS
LBN,Lebanon,1965,9316.46947,50.935,2088831,Asia,AS
LBN,Lebanon,1970,10162.90176,59.475,2386114,Asia,AS
LBN,Lebanon,1975,8367.6399,66.978,2693191,Asia,AS
LBN,Lebanon,1980,7076.24517,73.672,2944763,Asia,AS
LBN,Lebanon,1985,10894.6093,79.422,3217376,Asia,AS
LBN,Lebanon,1990,4962.6449,83.12,3595175,Asia,AS
LBN,Lebanon,1995,10137.14874,84.82,3960735,Asia,AS
LBN,Lebanon,2000,11315.07118,86,4329340,Asia,AS
LBN,Lebanon,2005,13041.6867,86.627,4671102,Asia,AS
LBN,Lebanon,2010,17390.7584,87.334,5041288,Asia,AS
LBN,Lebanon,2015,14980.02052,88.106,6472469,Asia,AS
LBN,Lebanon,2020,12507.43664,88.925,5702398,Asia,AS
LBR,Liberia,1960,3635.91093,18.632,1139522,Africa,AF
LBR,Liberia,1965,4507.02313,22.108,1291156,Africa,AF
LBR,Liberia,1970,5369.04372,26.025,1466676,Africa,AF
LBR,Liberia,1975,5155.98894,30.382,1670913,Africa,AF
LBR,Liberia,1980,4829.9718,35.167,1929253,Africa,AF
LBR,Liberia,1985,3765.16398,42.373,2240539,Africa,AF
LBR,Liberia,1990,1970.51446,55.422,2223667,Africa,AF
LBR,Liberia,1995,528.23223,45.96,2169162,Africa,AF
LBR,Liberia,2000,1773.49234,44.331,2928117,Africa,AF
LBR,Liberia,2005,1309.06143,46.051,3301015,Africa,AF
LBR,Liberia,2010,1538.85083,47.813,4058890,Africa,AF
LBR,Liberia,2015,1714.09048,49.82,4659431,Africa,AF
LBR,Liberia,2020,1497.37692,52.089,5149463,Africa,AF
LBY,Libya,1960,3308.46065,27.323,1492890,Africa,AF
LBY,Libya,1965,8471.03186,33.666,1804015,Africa,AF
LBY,Libya,1970,12522.89915,49.671,2082589,Africa,AF
LBY,Libya,1975,13847.06783,62.785,2571556,Africa,AF
LBY,Libya,1980,18679.1404,70.094,3424378,Africa,AF
LBY,Libya,1985,14816.48596,75.45,3898745,Africa,AF
LBY,Libya,1990,13562.45979,75.723,4445239,Africa,AF
LBY,Libya,1995,15401.70596,75.994,4906843,Africa,AF
LBY,Libya,2000,16980.38363,76.387,5305021,Africa,AF
LBY,Libya,2005,20743.89301,77.08,5858798,Africa,AF
LBY,Libya,2010,21109.96793,78.052,6497839,Africa,AF
LBY,Libya,2015,12192.13862,79.27,6531819,Africa,AF
LBY,Libya,2020,9976.0374,80.691,7045399,Africa,AF
LKA,Sri Lanka,1960,2172.89477,16.431,9661389,Asia,AS
LKA,Sri Lanka,1965,2179.64751,17.11,10916965,Asia,AS
LKA,Sri Lanka,1970,2472.25769,17.598,12287110,Asia,AS
LKA,Sri Lanka,1975,2447.68131,18.097,13548984,Asia,AS
LKA,Sri Lanka,1980,2831.68592,18.607,14847974,Asia,AS
LKA,Sri Lanka,1985,3863.14653,18.613,15544154,Asia,AS
LKA,Sri Lanka,1990,4725.14235,18.535,16352458,Asia,AS
LKA,Sri Lanka,1995,5677.24265,18.458,17564068,Asia,AS
LKA,Sri Lanka,2000,6608.71259,18.38,19293054,Asia,AS
LKA,Sri Lanka,2005,7533.6151,18.303,20216524,Asia,AS
LKA,Sri Lanka,2010,9832.18622,18.226,20879089,Asia,AS
LKA,Sri Lanka,2015,13329.77934,18.256,21729971,Asia,AS
LKA,Sri Lanka,2020,13886.65137,18.713,22561807,Asia,AS
LSO,Lesotho,1960,808.06084,3.512,736500,Africa,AF
LSO,Lesotho,1965,973.91647,6.366,854090,Africa,AF
LSO,Lesotho,1970,932.72681,8.608,1019273,Africa,AF
LSO,Lesotho,1975,1024.04155,10.822,1213643,Africa,AF
LSO,Lesotho,1980,1181.69751,11.45,1406521,Africa,AF
LSO,Lesotho,1985,1391.09114,11.752,1624379,Africa,AF
LSO,Lesotho,1990,1673.41253,13.967,1809696,Africa,AF
LSO,Lesotho,1995,1858.31787,16.955,1951437,Africa,AF
LSO,Lesotho,2000,2018.82258,19.548,2003913,Africa,AF
LSO,Lesotho,2005,2302.38253,22.249,1953076,Africa,AF
LSO,Lesotho,2010,2651.37805,24.798,1996251,Africa,AF
LSO,Lesotho,2015,2986.95867,26.908,2104611,Africa,AF
LSO,Lesotho,2020,2517.11042,29.028,2235727,Africa,AF
LTU,Lithuania,1960,11000.85548,39.46,2769095,Europe,EU
LTU,Lithuania,1965,12968.55394,44.45,2965262,Europe,EU
LTU,Lithuania,1970,15646.80028,49.555,3135872,Europe,EU
LTU,Lithuania,1975,17326.86656,55.685,3295733,Europe,EU
LTU,Lithuania,1980,18109.18927,61.158,3428419,Europe,EU
LTU,Lithuania,1985,19044.71571,65.038,3562389,Europe,EU
LTU,Lithuania,1990,19949.09441,67.583,3695012,Europe,EU
LTU,Lithuania,1995,11923.94361,67.285,3627038,Europe,EU
LTU,Lithuania,2000,15572.75456,66.986,3500402,Europe,EU
LTU,Lithuania,2005,23794.49118,66.635,3322263,Europe,EU
LTU,Lithuania,2010,26887.49131,66.757,3097720,Europe,EU
LTU,Lithuania,2015,35251.29869,67.23,2905764,Europe,EU
LTU,Lithuania,2020,43091.79737,68.046,2795765,Europe,EU
LUX,Luxembourg,1960,21338.36165,69.556,313877,Europe,EU
LUX,Luxembourg,1965,24154.01342,71.958,329702,Europe,EU
LUX,Luxembourg,1970,28100.0527,74.374,339332,Europe,EU
LUX,Luxembourg,1975,30949.99084,77.297,353680,Europe,EU
LUX,Luxembourg,1980,33965.56228,80.042,363705,Europe,EU
LUX,Luxembourg,1985,45501.55151,80.669,366661,Europe,EU
LUX,Luxembourg,1990,70450.73731,80.947,381700,Europe,EU
LUX,Luxembourg,1995,82523.00094,82.893,408227,Europe,EU
LUX,Luxembourg,2000,105744.8971,84.216,436132,Europe,EU
LUX,Luxembourg,2005,119947.1266,86.598,465363,Europe,EU
LUX,Luxembourg,2010,131432.0596,88.547,507410,Europe,EU
LUX,Luxembourg,2015,130097.2562,90.179,569536,Europe,EU
LUX,Luxembourg,2020,129865.63,91.453,630597,Europe,EU
LVA,Latvia,1960,9022.76433,52.867,2131171,Europe,EU
LVA,Latvia,1965,11019.02301,56.832,2252762,Europe,EU
LVA,Latvia,1970,13766.3362,60.713,2357559,Europe,EU
LVA,Latvia,1975,15624.87597,64.157,2455771,Europe,EU
LVA,Latvia,1980,16488.69008,67.095,2511759,Europe,EU
LVA,Latvia,1985,16902.33881,68.56,2579231,Europe,EU
LVA,Latvia,1990,18469.45244,69.25,2660131,Europe,EU
LVA,Latvia,1995,10898.90733,68.75,2485949,Europe,EU
LVA,Latvia,2000,14631.5001,68.067,2368313,Europe,EU
LVA,Latvia,2005,23183.29827,68,2239784,Europe,EU
LVA,Latvia,2010,24119.73078,67.841,2097831,Europe,EU
LVA,Latvia,2015,30599.61331,67.98,1977867,Europe,EU
LVA,Latvia,2020,34225.8976,68.315,1901123,Europe,EU
MAR,Morocco,1960,2188.45529,29.357,11624933,Africa,AF
MAR,Morocco,1965,2437.59664,31.862,13239171,Africa,AF
MAR,Morocco,1970,2649.25657,34.477,15129449,Africa,AF
MAR,Morocco,1975,2888.1817,37.714,17150786,Africa,AF
MAR,Morocco,1980,3317.33688,41.21,19459943,Africa,AF
MAR,Morocco,1985,3886.80894,44.779,22113953,Africa,AF
MAR,Morocco,1990,4707.6158,48.391,24375551,Africa,AF
MAR,Morocco,1995,4661.20989,51.692,26399429,Africa,AF
MAR,Morocco,2000,5262.19116,53.335,28423435,Africa,AF
MAR,Morocco,2005,6201.10325,55.174,30358144,Africa,AF
MAR,Morocco,2010,7210.63672,58.018,32467016,Africa,AF
MAR,Morocco,2015,8198.80859,60.809,34607588,Africa,AF
MAR,Morocco,2020,8054.56299,63.532,36584208,Africa,AF
MCO,Monaco,1960,34904.26718,100,21808,Europe,EU
MCO,Monaco,1965,48160.51026,100,22941,Europe,EU
MCO,Monaco,1970,66449.31625,100,24229,Europe,EU
MCO,Monaco,1975,86547.89318,100,25500,Europe,EU
MCO,Monaco,1980,111555.3857,100,27122,Europe,EU
MCO,Monaco,1985,130554.6457,100,28731,Europe,EU
MCO,Monaco,1990,166038.445,100,30358,Europe,EU
MCO,Monaco,1995,190296.1471,100,31609,Europe,EU
MCO,Monaco,2000,238547.0417,100,32455,Europe,EU
MCO,Monaco,2005,278689.2909,100,32210,Europe,EU
MCO,Monaco,2010,317914.6823,100,33163,Europe,EU
MCO,Monaco,2015,345111.166,100,36757,Europe,EU
MCO,Monaco,2020,332201.78,100,38050,Europe,EU
MDA,Moldova,1960,7014.93299,23.424,3076166,Europe,EU
MDA,Moldova,1965,8693.98111,27.566,3385972,Europe,EU
MDA,Moldova,1970,11140.80947,32.068,3643517,Europe,EU
MDA,Moldova,1975,12783.16853,36.222,3836946,Europe,EU
MDA,Moldova,1980,13523.48091,40.387,4048713,Europe,EU
MDA,Moldova,1985,14192.78652,44.176,4261131,Europe,EU
MDA,Moldova,1990,15057.0714,46.762,4451148,Europe,EU
MDA,Moldova,1995,6025.91653,46.294,4414211,Europe,EU
MDA,Moldova,2000,5439.47218,44.589,4234967,Europe,EU
MDA,Moldova,2005,7928.45439,42.775,3988669,Europe,EU
MDA,Moldova,2010,9649.95099,42.62,3631992,Europe,EU
MDA,Moldova,2015,11691.07975,42.49,3287164,Europe,EU
MDA,Moldova,2020,13559.26002,42.849,3069131,Europe,EU
MDG,Madagascar,1960,2175.46019,10.642,5111029,Africa,AF
MDG,Madagascar,1965,2053.9904,12.379,5819116,Africa,AF
MDG,Madagascar,1970,2299.42762,14.1,6672003,Africa,AF
MDG,Madagascar,1975,2045.19482,16.334,7739336,Africa,AF
MDG,Madagascar,1980,1861.17224,18.524,9006032,Africa,AF
MDG,Madagascar,1985,1699.01582,20.933,10433142,Africa,AF
MDG,Madagascar,1990,1882.9049,23.566,12055639,Africa,AF
MDG,Madagascar,1995,1627.41075,25.796,14051275,Africa,AF
MDG,Madagascar,2000,1694.67393,27.121,16516338,Africa,AF
MDG,Madagascar,2005,1652.10454,28.814,19159707,Africa,AF
MDG,Madagascar,2010,1635.24511,31.938,22183340,Africa,AF
MDG,Madagascar,2015,1627.58061,35.193,25426702,Africa,AF
MDG,Madagascar,2020,1545.72714,38.534,28953556,Africa,AF
MDV,Maldives,1960,2613.29283,11.173,91189,Asia,AS
MDV,Maldives,1965,2912.20701,11.458,104102,Asia,AS
MDV,Maldives,1970,3237.97352,11.893,123219,Asia,AS
MDV,Maldives,1975,2838.14749,17.304,143158,Asia,AS
MDV,Maldives,1980,4016.20403,22.25,164835,Asia,AS
MDV,Maldives,1985,6514.98416,25.491,190169,Asia,AS
MDV,Maldives,1990,8823.64682,25.84,224762,Asia,AS
MDV,Maldives,1995,10783.17689,25.638,256649,Asia,AS
MDV,Maldives,2000,13643.94781,27.706,282019,Asia,AS
MDV,Maldives,2005,13823.02455,33.75,306429,Asia,AS
MDV,Maldives,2010,16730.01442,36.434,360792,Asia,AS
MDV,Maldives,2015,18829.44816,38.529,428154,Asia,AS
MDV,Maldives,2020,14242.97508,40.669,502118,Asia,AS
MHL,Marshall Islands,1960,2274.83666,35.584,14703,Oceania,OC
MHL,Marshall Islands,1965,2555.25356,42.663,17402,Oceania,OC
MHL,Marshall Islands,1970,2869.32766,53.492,22530,Oceania,OC
MHL,Marshall Islands,1975,3255.91954,60.632,26154,Oceania,OC
MHL,Marshall Islands,1980,2807.08848,58.298,30774,Oceania,OC
MHL,Marshall Islands,1985,2863.01797,61.945,37761,Oceania,OC
MHL,Marshall Islands,1990,3900.02392,65.054,44629,Oceania,OC
MHL,Marshall Islands,1995,4711.424,66.727,48266,Oceania,OC
MHL,Marshall Islands,2000,3800.07744,68.58,50706,Oceania,OC
MHL,Marshall Islands,2005,4074.82182,71.138,51906,Oceania,OC
MHL,Marshall Islands,2010,4269.35843,73.568,52044,Oceania,OC
MHL,Marshall Islands,2015,4670.10918,75.811,48800,Oceania,OC
MHL,Marshall Islands,2020,6417.18441,77.794,42706,Oceania,OC
MKD,North Macedonia,1960,4860.58178,34.02,1435059,Europe,EU
MKD,North Macedonia,1965,6711.22549,40.355,1533466,Europe,EU
MKD,North Macedonia,1970,8937.43944,47.079,1664208,Europe,EU
MKD,North Macedonia,1975,11052.65784,50.569,1797972,Europe,EU
MKD,North Macedonia,1980,13618.21783,53.469,1933038,Europe,EU
MKD,North Macedonia,1985,13661.9787,55.696,2014331,Europe,EU
MKD,North Macedonia,1990,12713.52078,57.789,2063689,Europe,EU
MKD,North Macedonia,1995,10254.374460000001,59.587,1998534,Europe,EU
MKD,North Macedonia,2000,11809.58873,58.548,2057253,Europe,EU
MKD,North Macedonia,2005,13252.08051,57.532,2089807,Europe,EU
MKD,North Macedonia,2010,16730.16875,57.089,2051505,Europe,EU
MKD,North Macedonia,2015,19214.0158,57.408,1980366,Europe,EU
MKD,North Macedonia,2020,20970.28714,58.482,1872015,Europe,EU
MLI,Mali,1960,1092.76791,11.066,5402550,Africa,AF
MLI,Mali,1965,1027.12129,12.608,5815487,Africa,AF
MLI,Mali,1970,1066.06742,14.33,6276472,Africa,AF
MLI,Mali,1975,1106.25572,16.244,6837261,Africa,AF
MLI,Mali,1980,1259.57579,18.484,7530515,Africa,AF
MLI,Mali,1985,1250.14599,21.013,8374663,Africa,AF
MLI,Mali,1990,1608.62074,23.322,9178830,Africa,AF
MLI,Mali,1995,1648.98994,25.519,10185365,Africa,AF
MLI,Mali,2000,1854.02231,28.356,11559290,Africa,AF
MLI,Mali,2005,2280.77116,32.06,13538647,Africa,AF
MLI,Mali,2010,2594.41565,35.999,15945198,Africa,AF
MLI,Mali,2015,2686.55974,39.991,18593022,Africa,AF
MLI,Mali,2020,2796.41038,43.909,21713836,Africa,AF
MLT,Malta,1960,2895.57557,90.129,330820,Europe,EU
MLT,Malta,1965,3006.62798,89.825,327398,Europe,EU
MLT,Malta,1970,4546.48194,89.699,326011,Europe,EU
MLT,Malta,1975,6565.24025,89.742,333450,Europe,EU
MLT,Malta,1980,10430.15972,89.785,342877,Europe,EU
MLT,Malta,1985,12944.76512,89.828,352566,Europe,EU
MLT,Malta,1990,18050.97561,90.381,367908,Europe,EU
MLT,Malta,1995,22211.29199,90.946,384550,Europe,EU
MLT,Malta,2000,30472.6794,92.368,399895,Europe,EU
MLT,Malta,2005,32482.84961,93.645,413320,Europe,EU
MLT,Malta,2010,37492.67548,94.072,422651,Europe,EU
MLT,Malta,2015,46127.62084,94.414,444981,Europe,EU
MLT,Malta,2020,50392.95912,94.744,518207,Europe,EU
MMR,Myanmar,1960,985.52672,19.226,21730250,Asia,AS
MMR,Myanmar,1965,1052.32577,20.971,24279431,Asia,AS
MMR,Myanmar,1970,1031.36192,22.83,27193016,Asia,AS
MMR,Myanmar,1975,1004.47606,23.922,30176565,Asia,AS
MMR,Myanmar,1980,1166.11196,23.973,33227204,Asia,AS
MMR,Myanmar,1985,1231.83888,24.381,36622827,Asia,AS
MMR,Myanmar,1990,965.91875,25.243,39817251,Asia,AS
MMR,Myanmar,1995,1113.44753,26.124,42605338,Asia,AS
MMR,Myanmar,2000,1480.20467,27.025,45290841,Asia,AS
MMR,Myanmar,2005,2465.03768,27.946,47438365,Asia,AS
MMR,Myanmar,2010,3893.79031,28.885,49024382,Asia,AS
MMR,Myanmar,2015,5313.88616,29.858,51089056,Asia,AS
MMR,Myanmar,2020,5926.8345,31.141,53016522,Asia,AS
MNE,Montenegro,1960,4201.909,18.788,471197,Europe,EU
MNE,Montenegro,1965,6980.69912,22.566,502892,Europe,EU
MNE,Montenegro,1970,9504.00977,26.853,529671,Europe,EU
MNE,Montenegro,1975,11494.76094,31.622,557151,Europe,EU
MNE,Montenegro,1980,17762.25799,36.813,584820,Europe,EU
MNE,Montenegro,1985,18484.67943,42.325,603500,Europe,EU
MNE,Montenegro,1990,16673.21876,48.037,620497,Europe,EU
MNE,Montenegro,1995,9006.08142,53.365,631381,Europe,EU
MNE,Montenegro,2000,13282.74747,58.544,634193,Europe,EU
MNE,Montenegro,2005,15972.78646,62.465,634050,Europe,EU
MNE,Montenegro,2010,19481.40719,64.14,632088,Europe,EU
MNE,Montenegro,2015,21138.97652,65.806,628145,Europe,EU
MNE,Montenegro,2020,21039.32187,67.488,607935,Europe,EU
MNG,Mongolia,1960,1554.70909,35.679,977595,Asia,AS
MNG,Mongolia,1965,1915.29694,42.114,1131177,Asia,AS
MNG,Mongolia,1970,2361.33947,45.052,1295272,Asia,AS
MNG,Mongolia,1975,2842.03099,48.656,1488296,Asia,AS
MNG,Mongolia,1980,3530.95059,52.083,1701335,Asia,AS
MNG,Mongolia,1985,4610.62846,55.04,1921514,Asia,AS
MNG,Mongolia,1990,5205.57521,57.033,2164573,Asia,AS
MNG,Mongolia,1995,4754.97625,56.805,2335715,Asia,AS
MNG,Mongolia,2000,5499.26802,57.133,2455182,Asia,AS
MNG,Mongolia,2005,7418.6352,62.494,2563461,Asia,AS
MNG,Mongolia,2010,9507.11882,67.567,2701732,Asia,AS
MNG,Mongolia,2015,13974.59673,68.23,2976526,Asia,AS
MNG,Mongolia,2020,14801.34208,68.657,3290785,Asia,AS
MOZ,Mozambique,1960,524.0759,6.868,6713695,Africa,AF
MOZ,Mozambique,1965,549.57223,7.86,7406421,Africa,AF
MOZ,Mozambique,1970,615.21401,8.99,8250506,Africa,AF
MOZ,Mozambique,1975,596.24024,10.869,9540817,Africa,AF
MOZ,Mozambique,1980,511.71134,13.158,11336221,Africa,AF
MOZ,Mozambique,1985,425.12181,18.326,12548949,Africa,AF
MOZ,Mozambique,1990,582.81382,25,13094537,Africa,AF
MOZ,Mozambique,1995,530.06295,27.495,15960530,Africa,AF
MOZ,Mozambique,2000,719.34845,29.098,18129653,Africa,AF
MOZ,Mozambique,2005,973.32303,29.999,20304569,Africa,AF
MOZ,Mozambique,2010,1224.23021,31.83,22999235,Africa,AF
MOZ,Mozambique,2015,1512.59975,34.4,26547572,Africa,AF
MOZ,Mozambique,2020,1466.12477,37.074,30783688,Africa,AF
MRT,Mauritania,1960,1576.20345,6.88,824298,Africa,AF
MRT,Mauritania,1965,2655.99793,10.09,945838,Africa,AF
MRT,Mauritania,1970,3426.01966,14.564,1099806,Africa,AF
MRT,Mauritania,1975,3962.75918,20.569,1277330,Africa,AF
MRT,Mauritania,1980,4126.21782,27.371,1474043,Africa,AF
MRT,Mauritania,1985,3885.53542,34.994,1702107,Africa,AF
MRT,Mauritania,1990,4140.43936,39.323,1951878,Africa,AF
MRT,Mauritania,1995,4507.08771,38.705,2312017,Africa,AF
MRT,Mauritania,2000,4556.78573,38.091,2613441,Africa,AF
MRT,Mauritania,2005,5238.92547,42.111,2939059,Africa,AF
MRT,Mauritania,2010,5605.76389,46.588,3390965,Africa,AF
MRT,Mauritania,2015,5969.5424,51.089,3965959,Africa,AF
MRT,Mauritania,2020,5963.2355,55.327,4600131,Africa,AF
MUS,Mauritius,1960,4442.78445,35.111,680331,Africa,AF
MUS,Mauritius,1965,4989.37956,38.767,752660,Africa,AF
MUS,Mauritius,1970,4192.21312,42.556,827696,Africa,AF
MUS,Mauritius,1975,4987.07644,43.443,888023,Africa,AF
MUS,Mauritius,1980,5398.76295,42.351,954216,Africa,AF
MUS,Mauritius,1985,7058.08805,42.325,1025063,Africa,AF
MUS,Mauritius,1990,10441.21825,43.9,1089024,Africa,AF
MUS,Mauritius,1995,11799.63417,43.284,1159821,Africa,AF
MUS,Mauritius,2000,14021.36627,42.67,1216629,Africa,AF
MUS,Mauritius,2005,15487.53309,42.112,1257215,Africa,AF
MUS,Mauritius,2010,18819.99841,41.555,1282709,Africa,AF
MUS,Mauritius,2015,22335.28362,41,1292275,Africa,AF
MUS,Mauritius,2020,21994.66598,40.76,1283223,Africa,AF
MWI,Malawi,1960,646.10422,4.39,3628134,Africa,AF
MWI,Malawi,1965,652.00121,4.908,4096157,Africa,AF
MWI,Malawi,1970,765.91117,6.053,4633944,Africa,AF
MWI,Malawi,1975,955.25034,7.652,5287367,Africa,AF
MWI,Malawi,1980,1036.86472,9.05,6265529,Africa,AF
MWI,Malawi,1985,1126.13231,10.163,7620508,Africa,AF
MWI,Malawi,1990,1075.74189,11.56,9545852,Africa,AF
MWI,Malawi,1995,1155.50842,13.263,10150117,Africa,AF
MWI,Malawi,2000,1246.68825,14.61,11315942,Africa,AF
MWI,Malawi,2005,1215.72811,15.054,12840031,Africa,AF
MWI,Malawi,2010,1504.37514,15.544,14826463,Africa,AF
MWI,Malawi,2015,1597.69145,16.313,17085587,Africa,AF
MWI,Malawi,2020,1656.43985,17.427,19533888,Africa,AF
MYS,Malaysia,1960,2898.57836,26.598,7956197,Asia,AS
MYS,Malaysia,1965,3336.40336,29.913,9056408,Asia,AS
MYS,Malaysia,1970,3761.14914,33.454,10178802,Asia,AS
MYS,Malaysia,1975,4986.49036,37.652,11471914,Asia,AS
MYS,Malaysia,1980,6616.35607,42.044,12983363,Asia,AS
MYS,Malaysia,1985,8643.48823,45.893,15252258,Asia,AS
MYS,Malaysia,1990,11691.29277,49.794,17833171,Asia,AS
MYS,Malaysia,1995,16369.07855,55.688,20330599,Asia,AS
MYS,Malaysia,2000,18455.11576,61.977,22967816,Asia,AS
MYS,Malaysia,2005,20777.09389,66.594,25836071,Asia,AS
MYS,Malaysia,2010,23307.96985,70.912,28655776,Asia,AS
MYS,Malaysia,2015,27699.62789,74.213,31232798,Asia,AS
MYS,Malaysia,2020,29200.45263,77.16,33889558,Asia,AS
NAM,Namibia,1960,6169.07897,17.909,591465,Africa,AF
NAM,Namibia,1965,8201.64025,20.035,660558,Africa,AF
NAM,Namibia,1970,8145.76693,22.292,757868,Africa,AF
NAM,Namibia,1975,8434.27018,23.651,881032,Africa,AF
NAM,Namibia,1980,8610.28502,25.066,981434,Africa,AF
NAM,Namibia,1985,7494.76676,26.366,1096890,Africa,AF
NAM,Namibia,1990,7106.51469,27.656,1369303,Africa,AF
NAM,Namibia,1995,7511.34524,29.813,1602170,Africa,AF
NAM,Namibia,2000,7874.98348,32.373,1818647,Africa,AF
NAM,Namibia,2005,9234.0936,36.632,1966582,Africa,AF
NAM,Namibia,2010,10614.62016,41.616,2109811,Africa,AF
NAM,Namibia,2015,12166.56584,46.9,2374300,Africa,AF
NAM,Namibia,2020,9652.24827,52.033,2728762,Africa,AF
NER,Niger,1960,1566.53136,5.793,3505050,Africa,AF
NER,Niger,1965,1884.98791,6.809,4049695,Africa,AF
NER,Niger,1970,1669.1507,8.794,4650275,Africa,AF
NER,Niger,1975,1279.08388,11.419,5317019,Africa,AF
NER,Niger,1980,1468.95174,13.443,6135971,Africa,AF
NER,Niger,1985,1255.96251,14.536,7118457,Africa,AF
NER,Niger,1990,1336.25617,15.368,8286059,Africa,AF
NER,Niger,1995,1197.61746,15.773,9714529,Africa,AF
NER,Niger,2000,1148.48705,16.186,11509630,Africa,AF
NER,Niger,2005,1216.43613,16.242,13756192,Africa,AF
NER,Niger,2010,1336.5641,16.221,16548835,Africa,AF
NER,Niger,2015,1471.66135,16.247,19939498,Africa,AF
NER,Niger,2020,1615.69272,16.626,23717613,Africa,AF
NGA,Nigeria,1960,2195.32862,15.41,45053782,Africa,AF
NGA,Nigeria,1965,2470.26044,16.551,50086764,Africa,AF
NGA,Nigeria,1970,2779.17632,17.76,55893838,Africa,AF
NGA,Nigeria,1975,3512.51022,19.78,63410815,Africa,AF
NGA,Nigeria,1980,3589.93327,21.97,73764641,Africa,AF
NGA,Nigeria,1985,2835.54653,25.635,84897973,Africa,AF
NGA,Nigeria,1990,3225.87858,29.68,97120925,Africa,AF
NGA,Nigeria,1995,3049.41546,32.205,110819428,Africa,AF
NGA,Nigeria,2000,3226.14641,34.84,126382494,Africa,AF
NGA,Nigeria,2005,4379.91111,39.074,145017253,Africa,AF
NGA,Nigeria,2010,5359.51848,43.48,166642886,Africa,AF
NGA,Nigeria,2015,5985.09435,47.838,190671878,Africa,AF
NGA,Nigeria,2020,5410.69355,51.958,213996181,Africa,AF
NLD,Netherlands,1960,16060.59518,59.752,11486911,Europe,EU
NLD,Netherlands,1965,18655.77164,60.753,12301125,Europe,EU
NLD,Netherlands,1970,22540.84559,61.663,13052078,Europe,EU
NLD,Netherlands,1975,24732.97199,63.183,13680035,Europe,EU
NLD,Netherlands,1980,26844.31232,64.745,14162686,Europe,EU
NLD,Netherlands,1985,32093.51149,66.719,14538959,Europe,EU
NLD,Netherlands,1990,41198.9813,68.684,15030878,Europe,EU
NLD,Netherlands,1995,45424.09257,72.809,15565032,Europe,EU
NLD,Netherlands,2000,55211.00112,76.795,16058760,Europe,EU
NLD,Netherlands,2005,58119.36479,82.63,16465710,Europe,EU
NLD,Netherlands,2010,61518.55401,87.134,16771235,Europe,EU
NLD,Netherlands,2015,63081.39414,90.173,17107433,Europe,EU
NLD,Netherlands,2020,64862.19225,92.236,17636731,Europe,EU
NOR,Norway,1960,15117.56935,49.92,3581121,Europe,EU
NOR,Norway,1965,18169.55055,57.568,3723172,Europe,EU
NOR,Norway,1970,20892.76656,65.396,3875345,Europe,EU
NOR,Norway,1975,25513.43481,68.187,4007365,Europe,EU
NOR,Norway,1980,31197.84967,70.545,4085604,Europe,EU
NOR,Norway,1985,42495.10269,71.31,4152400,Europe,EU
NOR,Norway,1990,51326.55588,71.956,4241440,Europe,EU
NOR,Norway,1995,63662.03669,73.787,4358993,Europe,EU
NOR,Norway,2000,76788.74651,76.02,4490867,Europe,EU
NOR,Norway,2005,84553.41831,77.675,4623124,Europe,EU
NOR,Norway,2010,83256.78807,79.102,4889162,Europe,EU
NOR,Norway,2015,85550.29426,81.091,5189771,Europe,EU
NOR,Norway,2020,86096.05089,82.974,5379274,Europe,EU
NPL,Nepal,1960,1171.85458,3.48,10123658,Asia,AS
NPL,Nepal,1965,1184.55351,3.737,11173411,Asia,AS
NPL,Nepal,1970,1195.72137,3.956,12436190,Asia,AS
NPL,Nepal,1975,1149.87321,4.83,13870695,Asia,AS
NPL,Nepal,1980,1124.98321,6.091,15553105,Asia,AS
NPL,Nepal,1985,1457.33184,7.386,17477692,Asia,AS
NPL,Nepal,1990,1793.20863,8.854,19524573,Asia,AS
NPL,Nepal,1995,2025.49153,10.883,22245439,Asia,AS
NPL,Nepal,2000,2326.07294,13.397,24546509,Asia,AS
NPL,Nepal,2005,2570.84456,15.149,26309458,Asia,AS
NPL,Nepal,2010,3085.31407,16.768,27341952,Asia,AS
NPL,Nepal,2015,3745.26182,18.557,27823629,Asia,AS
NPL,Nepal,2020,4412.54204,20.576,28966574,Asia,AS
NRU,Nauru,1960,18302.56919,100,4607,Oceania,OC
NRU,Nauru,1965,34037.47152,100,5832,Oceania,OC
NRU,Nauru,1970,63277.16082,100,6710,Oceania,OC
NRU,Nauru,1975,65890.49517,100,6987,Oceania,OC
NRU,Nauru,1980,52989.85406,100,7649,Oceania,OC
NRU,Nauru,1985,41330.37147,100,8551,Oceania,OC
NRU,Nauru,1990,31401.73198,100,9622,Oceania,OC
NRU,Nauru,1995,14772.40575,100,10165,Oceania,OC
NRU,Nauru,2000,9045.88119,100,10168,Oceania,OC
NRU,Nauru,2005,7240.16555,100,10049,Oceania,OC
NRU,Nauru,2010,6966.78567,100,10043,Oceania,OC
NRU,Nauru,2015,11344.10275,100,10954,Oceania,OC
NRU,Nauru,2020,11441.25845,100,11643,Oceania,OC
NZL,New Zealand,1960,18228.2555,75.998,2379481,Oceania,OC
NZL,New Zealand,1965,20467.16361,78.891,2636494,Oceania,OC
NZL,New Zealand,1970,20493.28379,81.106,2822177,Oceania,OC
NZL,New Zealand,1975,22346.07074,82.774,3094032,Oceania,OC
NZL,New Zealand,1980,21521.14485,83.428,3146327,Oceania,OC
NZL,New Zealand,1985,27217.44538,83.673,3268028,Oceania,OC
NZL,New Zealand,1990,30241.42029,84.742,3396979,Oceania,OC
NZL,New Zealand,1995,32397.31314,85.553,3674428,Oceania,OC
NZL,New Zealand,2000,35871.34674,86.021,3857574,Oceania,OC
NZL,New Zealand,2005,40817.84481,86.341,4135007,Oceania,OC
NZL,New Zealand,2010,41270.92851,86.16,4347770,Oceania,OC
NZL,New Zealand,2015,44963.83392,86.341,4614029,Oceania,OC
NZL,New Zealand,2020,46104.60579,86.699,5069895,Oceania,OC
OMN,Oman,1960,1984.33597,16.4,530485,Asia,AS
OMN,Oman,1965,2233.16792,22.338,585236,Asia,AS
OMN,Oman,1970,8054.07703,29.665,662680,Asia,AS
OMN,Oman,1975,9666.82977,38.213,778864,Asia,AS
OMN,Oman,1980,11378.86356,47.562,1001248,Asia,AS
OMN,Oman,1985,22051.8013,57.079,1325480,Asia,AS
OMN,Oman,1990,26933.16211,66.102,1763954,Asia,AS
OMN,Oman,1995,33914.8592,71.669,2120528,Asia,AS
OMN,Oman,2000,40524.4461,71.569,2282131,Asia,AS
OMN,Oman,2005,41481.61379,72.4,2459802,Asia,AS
OMN,Oman,2010,48191.61451,75.161,2757446,Asia,AS
OMN,Oman,2015,39813.78871,81.35,4184895,Asia,AS
OMN,Oman,2020,37560.59987,86.276,4522497,Asia,AS
PAK,Pakistan,1960,1198.75564,22.104,45709310,Asia,AS
PAK,Pakistan,1965,1398.21184,23.511,52209010,Asia,AS
PAK,Pakistan,1970,1674.52865,24.817,60166719,Asia,AS
PAK,Pakistan,1975,1675.93358,26.341,69461175,Asia,AS
PAK,Pakistan,1980,1888.25767,28.066,82291010,Asia,AS
PAK,Pakistan,1985,2581.70245,29.344,98229285,Asia,AS
PAK,Pakistan,1990,3250.23643,30.576,116155576,Asia,AS
PAK,Pakistan,1995,3559.07166,31.836,134582253,Asia,AS
PAK,Pakistan,2000,3621.88037,32.982,154879127,Asia,AS
PAK,Pakistan,2005,4114.79452,33.982,175453212,Asia,AS
PAK,Pakistan,2010,4228.78177,34.997,199239047,Asia,AS
PAK,Pakistan,2015,4645.28631,36.026,217290883,Asia,AS
PAK,Pakistan,2020,5135.01459,37.165,235001746,Asia,AS
PER,Peru,1960,5617.89644,46.811,10174127,South America,SA
PER,Peru,1965,6520.72576,51.868,11761085,South America,SA
PER,Peru,1970,6787.32166,57.406,13501237,South America,SA
PER,Peru,1975,7456.14071,61.461,15333957,South America,SA
PER,Peru,1980,7026.32556,64.574,17360949,South America,SA
PER,Peru,1985,7083.96092,66.864,19648204,South America,SA
PER,Peru,1990,6341.64348,68.901,22014771,South America,SA
PER,Peru,1995,7413.87861,70.951,24348919,South America,SA
PER,Peru,2000,7724.22627,73.042,26598331,South America,SA
PER,Peru,2005,8986.11141,75.034,28101180,South America,SA
PER,Peru,2010,12059.01802,76.43,29086019,South America,SA
PER,Peru,2015,14542.79309,77.357,30457600,South America,SA
PER,Peru,2020,13609.59996,78.297,32838579,South America,SA
PHL,Philippines,1960,2763.68961,30.297,27891897,Asia,AS
PHL,Philippines,1965,2962.76331,31.604,32625316,Asia,AS
PHL,Philippines,1970,3098.11694,32.979,37622204,Asia,AS
PHL,Philippines,1975,3451.22109,35.56,42120826,Asia,AS
PHL,Philippines,1980,3907.62066,37.456,48043740,Asia,AS
PHL,Philippines,1985,3694.18579,42.235,55213006,Asia,AS
PHL,Philippines,1990,4553.02619,46.986,62854666,Asia,AS
PHL,Philippines,1995,4556.37461,46.56,70546246,Asia,AS
PHL,Philippines,2000,4827.84656,46.135,79625397,Asia,AS
PHL,Philippines,2005,5447.69536,45.71,88015962,Asia,AS
PHL,Philippines,2010,6273.03928,45.332,96337125,Asia,AS
PHL,Philippines,2015,7691.76309,46.284,105312992,Asia,AS
PHL,Philippines,2020,8455.18457,47.408,112081264,Asia,AS
PLW,Palau,1960,20497.26003,56.823,9328,Oceania,OC
PLW,Palau,1965,26419.57032,58.276,10547,Oceania,OC
PLW,Palau,1970,34038.00373,59.715,11368,Oceania,OC
PLW,Palau,1975,63245.6131,61.138,12655,Oceania,OC
PLW,Palau,1980,21086.498200000002,62.542,12271,Oceania,OC
PLW,Palau,1985,15760.98465,67.38,13688,Oceania,OC
PLW,Palau,1990,18619.06658,69.593,15259,Oceania,OC
PLW,Palau,1995,16396.83946,71.431,17195,Oceania,OC
PLW,Palau,2000,15586.24569,70.338,19178,Oceania,OC
PLW,Palau,2005,17474.70511,71.152,19819,Oceania,OC
PLW,Palau,2010,16530.84558,74.817,18396,Oceania,OC
PLW,Palau,2015,20021.31442,78.159,17770,Oceania,OC
PLW,Palau,2020,18160.25457,80.988,17792,Oceania,OC
PNG,Papua New Guinea,1960,1349.98822,3.725,1995110,Oceania,OC
PNG,Papua New Guinea,1965,1815.6501,5.47,2235820,Oceania,OC
PNG,Papua New Guinea,1970,2348.32337,9.796,2505628,Oceania,OC
PNG,Papua New Guinea,1975,2652.37527,11.93,2814820,Oceania,OC
PNG,Papua New Guinea,1980,2597.66478,13.047,3131512,Oceania,OC
PNG,Papua New Guinea,1985,2921.5969,13.998,3478936,Oceania,OC
PNG,Papua New Guinea,1990,3105.03102,14.994,3896481,Oceania,OC
PNG,Papua New Guinea,1995,4002.47127,14.081,4644278,Oceania,OC
PNG,Papua New Guinea,2000,3350.12137,13.204,5537064,Oceania,OC
PNG,Papua New Guinea,2005,3161.25688,13.109,6535905,Oceania,OC
PNG,Papua New Guinea,2010,3579.17141,13.019,7633523,Oceania,OC
PNG,Papua New Guinea,2015,4154.52333,13.012,8743246,Oceania,OC
PNG,Papua New Guinea,2020,4077.63132,13.345,9815746,Oceania,OC
POL,Poland,1960,6123.0256,47.892,29575966,Europe,EU
POL,Poland,1965,7013.46672,50.126,31288336,Europe,EU
POL,Poland,1970,7975.84064,52.125,32542633,Europe,EU
POL,Poland,1975,10039.89642,55.28,33964399,Europe,EU
POL,Poland,1980,10432.47928,58.086,35576519,Europe,EU
POL,Poland,1985,11141.19067,59.942,37200853,Europe,EU
POL,Poland,1990,12235.11832,61.27,38055455,Europe,EU
POL,Poland,1995,13853.44664,61.493,38364667,Europe,EU
POL,Poland,2000,18334.49982,61.716,38258071,Europe,EU
POL,Poland,2005,21513.65483,61.452,38124379,Europe,EU
POL,Poland,2010,27112.13338,60.892,38095351,Europe,EU
POL,Poland,2015,31700.36824,60.278,38266314,Europe,EU
POL,Poland,2020,37852.80213,60.043,38171012,Europe,EU
PRK,North Korea,1960,1402.57326,40.195,11722953,Asia,AS
PRK,North Korea,1965,1522.51931,45.091,13219369,Asia,AS
PRK,North Korea,1970,1623.06575,54.2,15172775,Asia,AS
PRK,North Korea,1975,2247.00413,56.7,16971055,Asia,AS
PRK,North Korea,1980,2470.51541,56.9,18236786,Asia,AS
PRK,North Korea,1985,2673.13926,57.644,19620388,Asia,AS
PRK,North Korea,1990,2597.3189,58.384,21112137,Asia,AS
PRK,North Korea,1995,1876.20267,59.018,22669304,Asia,AS
PRK,North Korea,2000,1672.45101,59.412,23665910,Asia,AS
PRK,North Korea,2005,1782.7741,59.805,24396433,Asia,AS
PRK,North Korea,2010,1686.7512,60.377,24987258,Asia,AS
PRK,North Korea,2015,1698.31089,61.277,25575350,Asia,AS
PRK,North Korea,2020,1445.36,62.381,26136312,Asia,AS
PRT,Portugal,1960,5852.01875,34.955,8873218,Europe,EU
PRT,Portugal,1965,7723.026,36.866,8889625,Europe,EU
PRT,Portugal,1970,10451.781070000001,38.804,8669523,Europe,EU
PRT,Portugal,1975,12108.75195,40.779,9182302,Europe,EU
PRT,Portugal,1980,14467.33708,42.785,9763624,Europe,EU
PRT,Portugal,1985,17385.87359,45.298,9979469,Europe,EU
PRT,Portugal,1990,25935.18916,47.915,9989524,Europe,EU
PRT,Portugal,1995,28616.71679,51.109,10031751,Europe,EU
PRT,Portugal,2000,34490.82,54.399,10283204,Europe,EU
PRT,Portugal,2005,35622.73481,57.522,10502994,Europe,EU
PRT,Portugal,2010,36703.11402,60.567,10578660,Europe,EU
PRT,Portugal,2015,35803.35741,63.514,10370267,Europe,EU
PRT,Portugal,2020,36852.22839,66.31,10370519,Europe,EU
PRY,Paraguay,1960,3155.52316,35.569,1883514,South America,SA
PRY,Paraguay,1965,3450.3299,36.243,2125177,South America,SA
PRY,Paraguay,1970,3699.47899,37.065,2388028,South America,SA
PRY,Paraguay,1975,4565.6982,38.981,2691648,South America,SA
PRY,Paraguay,1980,6638.41314,41.688,3053235,South America,SA
PRY,Paraguay,1985,7538.47825,44.983,3510671,South America,SA
PRY,Paraguay,1990,9001.17585,48.694,4035747,South America,SA
PRY,Paraguay,1995,10007.78061,52.131,4579806,South America,SA
PRY,Paraguay,2000,9409.92057,55.331,5100868,South America,SA
PRY,Paraguay,2005,10098.54606,57.633,5448097,South America,SA
PRY,Paraguay,2010,12738.57656,59.261,5737971,South America,SA
PRY,Paraguay,2015,14427.60023,60.75,6159103,South America,SA
PRY,Paraguay,2020,14991.66062,62.183,6603739,South America,SA
PSE,Palestine,1960,2376.04697,44.044,1073081,Asia,AS
PSE,Palestine,1965,2694.71408,48.898,1147310,Asia,AS
PSE,Palestine,1970,2828.47543,54.298,1116280,Asia,AS
PSE,Palestine,1975,3604.65553,59.6,1279321,Asia,AS
PSE,Palestine,1980,4338.0177,62.388,1469059,Asia,AS
PSE,Palestine,1985,3591.60515,65.095,1745256,Asia,AS
PSE,Palestine,1990,3936.40643,67.709,2139067,Asia,AS
PSE,Palestine,1995,4657.96039,70.216,2636551,Asia,AS
PSE,Palestine,2000,4829.81047,71.969,3151793,Asia,AS
PSE,Palestine,2005,4964.9129,73.061,3557401,Asia,AS
PSE,Palestine,2010,5432.24363,74.149,4016916,Asia,AS
PSE,Palestine,2015,6072.65032,75.368,4521565,Asia,AS
PSE,Palestine,2020,5423.68255,76.719,5069692,Asia,AS
QAT,Qatar,1960,27934.23391,85.275,36010,Asia,AS
QAT,Qatar,1965,69032.84553,87.054,64065,Asia,AS
QAT,Qatar,1970,91298.09488,88.354,116350,Asia,AS
QAT,Qatar,1975,98843.28341,88.909,193087,Asia,AS
QAT,Qatar,1980,86283.12651,89.363,275913,Asia,AS
QAT,Qatar,1985,53009.6967,90.1,365940,Asia,AS
QAT,Qatar,1990,46346.06661,92.786,440175,Asia,AS
QAT,Qatar,1995,56106.16731,94.998,514325,Asia,AS
QAT,Qatar,2000,87743.72295,96.311,644989,Asia,AS
QAT,Qatar,2005,107403.6527,97.396,825408,Asia,AS
QAT,Qatar,2010,129045.0056,98.501,1709229,Asia,AS
QAT,Qatar,2015,123070.8879,98.945,2427331,Asia,AS
QAT,Qatar,2020,103061.9134,99.235,2803375,Asia,AS
ROU,Romania,1960,3342.57804,34.209,18313495,Europe,EU
ROU,Romania,1965,4405.96472,37.697,18713054,Europe,EU
ROU,Romania,1970,5475.92876,40.319,20011625,Europe,EU
ROU,Romania,1975,7870.71523,42.831,21268070,Europe,EU
ROU,Romania,1980,9799.77409,46.07,22154771,Europe,EU
ROU,Romania,1985,12761.75967,49.641,22605820,Europe,EU
ROU,Romania,1990,13052.9344,53.217,22939530,Europe,EU
ROU,Romania,1995,13025.89439,53.769,22657723,Europe,EU
ROU,Romania,2000,13926.91126,53.004,22046262,Europe,EU
ROU,Romania,2005,20120.47984,53.174,21213388,Europe,EU
ROU,Romania,2010,24900.23033,53.829,20432574,Europe,EU
ROU,Romania,2015,29178.74452,53.887,19871019,Europe,EU
ROU,Romania,2020,35482.19631,54.194,19392469,Europe,EU
RUS,Russia,1960,8764.34457,53.731,119934141,Europe,EU
RUS,Russia,1960,8764.34457,53.731,119934141,Asia,AS
RUS,Russia,1965,11620.86892,58.173,126634214,Europe,EU
RUS,Russia,1965,11620.86892,58.173,126634214,Asia,AS
RUS,Russia,1970,15826.86679,62.471,130367189,Europe,EU
RUS,Russia,1970,15826.86679,62.471,130367189,Asia,AS
RUS,Russia,1975,19947.47454,66.427,134136098,Europe,EU
RUS,Russia,1975,19947.47454,66.427,134136098,Asia,AS
RUS,Russia,1980,22731.77274,69.751,138572623,Europe,EU
RUS,Russia,1980,22731.77274,69.751,138572623,Asia,AS
RUS,Russia,1985,24223.3763,71.923,143569389,Europe,EU
RUS,Russia,1985,24223.3763,71.923,143569389,Asia,AS
RUS,Russia,1990,25100.29477,73.394,148979541,Europe,EU
RUS,Russia,1990,25100.29477,73.394,148979541,Asia,AS
RUS,Russia,1995,16600.83496,73.372,148291403,Europe,EU
RUS,Russia,1995,16600.83496,73.372,148291403,Asia,AS
RUS,Russia,2000,19109.81254,73.35,146717783,Europe,EU
RUS,Russia,2000,19109.81254,73.35,146717783,Asia,AS
RUS,Russia,2005,27180.8808,73.463,144597884,Europe,EU
RUS,Russia,2005,27180.8808,73.463,144597884,Asia,AS
RUS,Russia,2010,33063.58594,73.687,143934465,Europe,EU
RUS,Russia,2010,33063.58594,73.687,143934465,Asia,AS
RUS,Russia,2015,35037.15234,74.05,145307616,Europe,EU
RUS,Russia,2015,35037.15234,74.05,145307616,Asia,AS
RUS,Russia,2020,36376.33594,74.754,146371299,Europe,EU
RUS,Russia,2020,36376.33594,74.754,146371299,Asia,AS
RWA,Rwanda,1960,1291.68383,2.6,3022294,Africa,AF
RWA,Rwanda,1965,996.12634,2.882,3423210,Africa,AF
RWA,Rwanda,1970,1170.52183,3.194,3980669,Africa,AF
RWA,Rwanda,1975,975.55296,3.998,4607728,Africa,AF
RWA,Rwanda,1980,1266.72508,4.721,5353259,Africa,AF
RWA,Rwanda,1985,1425.36019,5.057,6317228,Africa,AF
RWA,Rwanda,1990,1298.52419,5.416,7375307,Africa,AF
RWA,Rwanda,1995,1016.50626,9.837,5674118,Africa,AF
RWA,Rwanda,2000,1060.64365,14.926,8213931,Africa,AF
RWA,Rwanda,2005,1377.21062,16.912,9054528,Africa,AF
RWA,Rwanda,2010,1779.15851,16.934,10317553,Africa,AF
RWA,Rwanda,2015,2238.53942,17.004,11640022,Africa,AF
RWA,Rwanda,2020,2520.31739,17.432,13065837,Africa,AF
SAU,Saudi Arabia,1960,11172.15347,31.25,2435403,Asia,AS
SAU,Saudi Arabia,1965,17905.90069,38.769,2928771,Asia,AS
SAU,Saudi Arabia,1970,27209.02948,48.669,3562470,Asia,AS
SAU,Saudi Arabia,1975,45635.03262,58.349,4556287,Asia,AS
SAU,Saudi Arabia,1980,54629.62447,65.86,6047997,Asia,AS
SAU,Saudi Arabia,1985,40937.80064,72.647,8151779,Asia,AS
SAU,Saudi Arabia,1990,45937.52609,76.583,10640691,Asia,AS
SAU,Saudi Arabia,1995,50058.16726,78.67,13289245,Asia,AS
SAU,Saudi Arabia,2000,51649.9186,79.848,16177722,Asia,AS
SAU,Saudi Arabia,2005,54038.83725,80.979,20559890,Asia,AS
SAU,Saudi Arabia,2010,54911.54752,82.084,25157128,Asia,AS
SAU,Saudi Arabia,2015,58498.5399,83.18,29974938,Asia,AS
SAU,Saudi Arabia,2020,57420.73357,84.287,30991207,Asia,AS
SDN,Sudan,1960,2072.90057,10.746,8364489,Africa,AF
SDN,Sudan,1965,1966.80909,13.373,9858030,Africa,AF
SDN,Sudan,1970,1752.79215,16.523,11695771,Africa,AF
SDN,Sudan,1975,1867.84923,18.943,14064798,Africa,AF
SDN,Sudan,1980,1854.0914,19.959,17058905,Africa,AF
SDN,Sudan,1985,1878.78473,22.937,19905872,Africa,AF
SDN,Sudan,1990,2182.28795,28.61,22021481,Africa,AF
SDN,Sudan,1995,2612.00665,32.232,24672143,Africa,AF
SDN,Sudan,2000,3417.72691,32.495,27816745,Africa,AF
SDN,Sudan,2005,4104.40877,32.76,31262444,Africa,AF
SDN,Sudan,2010,4219.83691,33.089,35414399,Africa,AF
SDN,Sudan,2015,4159.19434,33.894,40024431,Africa,AF
SDN,Sudan,2020,3401.24976,35.253,46789231,Africa,AF
SEN,Senegal,1960,2903.33288,23,3340907,Africa,AF
SEN,Senegal,1965,2886.023,26.351,3849788,Africa,AF
SEN,Senegal,1970,2668.1338,30,4466328,Africa,AF
SEN,Senegal,1975,2535.33417,33.693,5170810,Africa,AF
SEN,Senegal,1980,2282.19593,35.769,5845638,Africa,AF
SEN,Senegal,1985,2618.74939,37.549,6683287,Africa,AF
SEN,Senegal,1990,2848.46787,38.896,7720523,Africa,AF
SEN,Senegal,1995,2764.36505,39.606,8848101,Africa,AF
SEN,Senegal,2000,3025.6101,40.32,9968260,Africa,AF
SEN,Senegal,2005,3265.85849,41.714,11235472,Africa,AF
SEN,Senegal,2010,3403.56707,43.773,12635413,Africa,AF
SEN,Senegal,2015,3593.79477,45.862,14593331,Africa,AF
SEN,Senegal,2020,4018.04129,48.122,16789219,Africa,AF
SGP,Singapore,1960,4672.46143,100,1619322,Asia,AS
SGP,Singapore,1965,5385.08132,100,1870822,Asia,AS
SGP,Singapore,1970,8972.98968,100,2091558,Asia,AS
SGP,Singapore,1975,12896.19951,100,2268523,Asia,AS
SGP,Singapore,1980,18149.24746,100,2437493,Asia,AS
SGP,Singapore,1985,26223.31755,100,2735030,Asia,AS
SGP,Singapore,1990,40541.43199,100,3039591,Asia,AS
SGP,Singapore,1995,55022.19107,100,3533624,Asia,AS
SGP,Singapore,2000,65418.14388,100,4035245,Asia,AS
SGP,Singapore,2005,80017.08023,100,4268364,Asia,AS
SGP,Singapore,2010,95456.18931,100,5077014,Asia,AS
SGP,Singapore,2015,108953.7243,100,5525340,Asia,AS
SGP,Singapore,2020,115893.0424,100,5620150,Asia,AS
SLB,Solomon Islands,1960,1506.64141,5.768,139688,Oceania,OC
SLB,Solomon Islands,1965,1657.09155,7.245,156686,Oceania,OC
SLB,Solomon Islands,1970,1683.16063,8.917,176579,Oceania,OC
SLB,Solomon Islands,1975,1293.66456,9.125,200744,Oceania,OC
SLB,Solomon Islands,1980,1833.19616,10.576,238135,Oceania,OC
SLB,Solomon Islands,1985,2021.56181,12.433,282455,Oceania,OC
SLB,Solomon Islands,1990,2397.67223,13.677,331435,Oceania,OC
SLB,Solomon Islands,1995,3039.58815,14.664,384733,Oceania,OC
SLB,Solomon Islands,2000,2297.6439,15.813,440469,Oceania,OC
SLB,Solomon Islands,2005,2284.10999,17.832,483080,Oceania,OC
SLB,Solomon Islands,2010,2682.28529,20.048,532968,Oceania,OC
SLB,Solomon Islands,2015,2664.73036,22.36,639415,Oceania,OC
SLB,Solomon Islands,2020,2515.12833,24.67,744498,Oceania,OC
SLE,Sierra Leone,1960,1505.43953,17.352,2268356,Africa,AF
SLE,Sierra Leone,1965,1743.6629,20.379,2468666,Africa,AF
SLE,Sierra Leone,1970,2063.48009,23.969,2712286,Africa,AF
SLE,Sierra Leone,1975,2040.67183,27.729,2974657,Africa,AF
SLE,Sierra Leone,1980,2063.63545,29.819,3272089,Africa,AF
SLE,Sierra Leone,1985,2248.40995,31.997,3638438,Africa,AF
SLE,Sierra Leone,1990,2545.11652,33.252,4196828,Africa,AF
SLE,Sierra Leone,1995,2012.30748,34.429,4179179,Africa,AF
SLE,Sierra Leone,2000,1824.79416,35.626,4423611,Africa,AF
SLE,Sierra Leone,2005,2243.41579,36.919,5501712,Africa,AF
SLE,Sierra Leone,2010,2461.98105,38.856,6222714,Africa,AF
SLE,Sierra Leone,2015,2630.53499,40.829,7037655,Africa,AF
SLE,Sierra Leone,2020,2755.10252,42.923,7912558,Africa,AF
SMR,San Marino,1960,17113.77568,48.9,15428,Europe,EU
SMR,San Marino,1965,23481.21212,54.402,17305,Europe,EU
SMR,San Marino,1970,32044.63296,59.8,18168,Europe,EU
SMR,San Marino,1975,38237.85816,71.484,19046,Europe,EU
SMR,San Marino,1980,45827.16362,81.231,21585,Europe,EU
SMR,San Marino,1985,48738.11943,88.291,22485,Europe,EU
SMR,San Marino,1990,55769.63411,90.4,23475,Europe,EU
SMR,San Marino,1995,66936.52395,91.664,25158,Europe,EU
SMR,San Marino,2000,80165.10474,93.44,26799,Europe,EU
SMR,San Marino,2005,83461.24027,94.453,28572,Europe,EU
SMR,San Marino,2010,68669.25265,95.74,30624,Europe,EU
SMR,San Marino,2015,59647.65946,96.739,33901,Europe,EU
SMR,San Marino,2020,55998.0711,97.499,34769,Europe,EU
SRB,Serbia,1960,6000.20299,29.064,6702962,Europe,EU
SRB,Serbia,1965,8211.3388,34.202,7031133,Europe,EU
SRB,Serbia,1970,10562.92326,39.744,7324425,Europe,EU
SRB,Serbia,1975,14230.72035,43.128,7572438,Europe,EU
SRB,Serbia,1980,18548.44112,46.146,7796280,Europe,EU
SRB,Serbia,1985,19363.34037,48.341,7881548,Europe,EU
SRB,Serbia,1990,17997.58641,50.393,7874594,Europe,EU
SRB,Serbia,1995,8887.14097,51.651,7823284,Europe,EU
SRB,Serbia,2000,10614.4698,52.769,7694605,Europe,EU
SRB,Serbia,2005,14857.66651,53.883,7539133,Europe,EU
SRB,Serbia,2010,17840.4348,54.993,7395864,Europe,EU
SRB,Serbia,2015,18246.78995,55.696,7177253,Europe,EU
SRB,Serbia,2020,21477.87722,56.446,6907812,Europe,EU
SSD,South Sudan,1960,1864.07452,8.748,2931559,Africa,AF
SSD,South Sudan,1965,1537.906,8.69,3189835,Africa,AF
SSD,South Sudan,1970,1555.13847,8.633,3409614,Africa,AF
SSD,South Sudan,1975,1591.52641,8.576,3821494,Africa,AF
SSD,South Sudan,1980,1120.28565,8.519,4339030,Africa,AF
SSD,South Sudan,1985,1187.54528,9.844,4834296,Africa,AF
SSD,South Sudan,1990,1160.24303,13.276,4737633,Africa,AF
SSD,South Sudan,1995,767.24984,15.873,5225836,Africa,AF
SSD,South Sudan,2000,701.20667,16.504,6032267,Africa,AF
SSD,South Sudan,2005,691.5774,17.154,7590143,Africa,AF
SSD,South Sudan,2010,665.518,17.86,9745953,Africa,AF
SSD,South Sudan,2015,398.849,18.852,11107561,Africa,AF
SSD,South Sudan,2020,625.73,20.199,10698467,Africa,AF
STP,Sao Tome and Principe,1960,1762.05032,16.073,68012,Africa,AF
STP,Sao Tome and Principe,1965,2352.3997,21.833,71680,Africa,AF
STP,Sao Tome and Principe,1970,2887.87374,29.518,77626,Africa,AF
STP,Sao Tome and Principe,1975,3149.49237,31.639,86708,Africa,AF
STP,Sao Tome and Principe,1980,4033.27562,33.482,98544,Africa,AF
STP,Sao Tome and Principe,1985,3855.69231,38.049,108658,Africa,AF
STP,Sao Tome and Principe,1990,3593.63359,43.648,122980,Africa,AF
STP,Sao Tome and Principe,1995,3604.51288,48.631,134895,Africa,AF
STP,Sao Tome and Principe,2000,3711.08247,53.424,144018,Africa,AF
STP,Sao Tome and Principe,2005,4292.15451,59.165,161639,Africa,AF
STP,Sao Tome and Principe,2010,4882.04796,64.952,181802,Africa,AF
STP,Sao Tome and Principe,2015,5210.20378,70.174,200291,Africa,AF
STP,Sao Tome and Principe,2020,5742.94725,74.354,217435,Africa,AF
SUR,Suriname,1960,8771.94886,47.26,263918,South America,SA
SUR,Suriname,1965,9924.59016,47.109,320000,South America,SA
SUR,Suriname,1970,11203.2313,45.948,379442,South America,SA
SUR,Suriname,1975,14035.84949,53.749,391170,South America,SA
SUR,Suriname,1980,15785.22025,64.96,375377,South America,SA
SUR,Suriname,1985,17437.98706,65.334,386972,South America,SA
SUR,Suriname,1990,16146.21847,65.706,412493,South America,SA
SUR,Suriname,1995,15499.29876,66.076,429606,South America,SA
SUR,Suriname,2000,15730.67361,66.444,476643,South America,SA
SUR,Suriname,2005,18964.50522,66.682,519313,South America,SA
SUR,Suriname,2010,22772.47545,66.344,549923,South America,SA
SUR,Suriname,2015,23327.52525,66.056,581627,South America,SA
SUR,Suriname,2020,19091.36172,66.149,612317,South America,SA
SVK,Slovak Republic,1960,10109.18723,33.464,4124442,Europe,EU
SVK,Slovak Republic,1965,10993.41929,37.043,4365047,Europe,EU
SVK,Slovak Republic,1970,12861.18037,41.057,4525871,Europe,EU
SVK,Slovak Republic,1975,14686.51707,46.257,4739166,Europe,EU
SVK,Slovak Republic,1980,15760.39805,51.638,4976655,Europe,EU
SVK,Slovak Republic,1985,16383.36645,54.176,5151166,Europe,EU
SVK,Slovak Republic,1990,17230.39989,56.491,5266078,Europe,EU
SVK,Slovak Republic,1995,15816.45258,56.537,5354282,Europe,EU
SVK,Slovak Republic,2000,18368.86038,56.233,5379999,Europe,EU
SVK,Slovak Republic,2005,23279.38612,55.563,5376695,Europe,EU
SVK,Slovak Republic,2010,29745.86139,54.685,5391851,Europe,EU
SVK,Slovak Republic,2015,33507.72572,53.889,5420278,Europe,EU
SVK,Slovak Republic,2020,36201.41546,53.76,5455024,Europe,EU
SVN,Slovenia,1960,9700.73158,28.204,1605074,Europe,EU
SVN,Slovenia,1965,13027.22573,32.497,1675318,Europe,EU
SVN,Slovenia,1970,17453.42611,37.004,1739861,Europe,EU
SVN,Slovenia,1975,23534.9863,42.374,1817598,Europe,EU
SVN,Slovenia,1980,29032.23728,48.045,1903069,Europe,EU
SVN,Slovenia,1985,28459.89553,49.584,1941472,Europe,EU
SVN,Slovenia,1990,25005.80474,50.39,1998007,Europe,EU
SVN,Slovenia,1995,24521.80937,50.622,1988095,Europe,EU
SVN,Slovenia,2000,29866.49515,50.754,1986816,Europe,EU
SVN,Slovenia,2005,35403.55285,51.533,1996914,Europe,EU
SVN,Slovenia,2010,38065.73615,52.658,2044612,Europe,EU
SVN,Slovenia,2015,38537.09519,53.781,2059947,Europe,EU
SVN,Slovenia,2020,42474.22471,55.118,2102419,Europe,EU
SWE,Sweden,1960,16476.87483,72.49,7484596,Europe,EU
SWE,Sweden,1965,19917.34058,77.056,7733007,Europe,EU
SWE,Sweden,1970,22727.59725,81.034,8042780,Europe,EU
SWE,Sweden,1975,24632.99359,82.73,8192641,Europe,EU
SWE,Sweden,1980,25201.31844,83.087,8310469,Europe,EU
SWE,Sweden,1985,32471.18748,83.1,8350244,Europe,EU
SWE,Sweden,1990,39408.10064,83.1,8558567,Europe,EU
SWE,Sweden,1995,39885.39437,83.824,8826302,Europe,EU
SWE,Sweden,2000,47554.61213,84.026,8872101,Europe,EU
SWE,Sweden,2005,53149.96078,84.319,9029771,Europe,EU
SWE,Sweden,2010,55527.93981,85.056,9378232,Europe,EU
SWE,Sweden,2015,58975.97789,86.553,9799481,Europe,EU
SWE,Sweden,2020,59572.47476,87.977,10353686,Europe,EU
SWZ,Eswatini,1960,942.88607,3.913,345337,Africa,AF
SWZ,Eswatini,1965,1548.95573,6.494,388336,Africa,AF
SWZ,Eswatini,1970,1948.5084,9.705,441216,Africa,AF
SWZ,Eswatini,1975,3162.25653,14.004,507673,Africa,AF
SWZ,Eswatini,1980,3172.28212,16.478,596644,Africa,AF
SWZ,Eswatini,1985,3456.4845,18.266,706196,Africa,AF
SWZ,Eswatini,1990,5423.1134,20.202,872428,Africa,AF
SWZ,Eswatini,1995,5789.40503,22.286,970433,Africa,AF
SWZ,Eswatini,2000,6238.11593,22.686,1041414,Africa,AF
SWZ,Eswatini,2005,7234.23245,22.038,1079022,Africa,AF
SWZ,Eswatini,2010,8210.69699,22.48,1111650,Africa,AF
SWZ,Eswatini,2015,9253.29094,23.3,1142813,Africa,AF
SWZ,Eswatini,2020,9727.5139,24.171,1192729,Africa,AF
SYC,Seychelles,1960,4068.42173,27.673,43230,Africa,AF
SYC,Seychelles,1965,4018.30642,33.123,48270,Africa,AF
SYC,Seychelles,1970,4708.03679,39.068,54252,Africa,AF
SYC,Seychelles,1975,5899.35688,46.266,61218,Africa,AF
SYC,Seychelles,1980,8215.84313,49.366,66260,Africa,AF
SYC,Seychelles,1985,9984.72651,49.292,69823,Africa,AF
SYC,Seychelles,1990,14040.58349,49.27,73983,Africa,AF
SYC,Seychelles,1995,15853.72563,49.633,78126,Africa,AF
SYC,Seychelles,2000,20423.05769,50.433,83318,Africa,AF
SYC,Seychelles,2005,19941.61082,51.67,89266,Africa,AF
SYC,Seychelles,2010,21708.75545,53.336,94971,Africa,AF
SYC,Seychelles,2015,27032.20839,55.4,107230,Africa,AF
SYC,Seychelles,2020,30056.19943,57.546,120291,Africa,AF
SYR,Syria,1960,4611.05412,36.807,4673500,Asia,AS
SYR,Syria,1965,5059.72125,40.006,5435267,Asia,AS
SYR,Syria,1970,4533.25188,43.345,6380609,Asia,AS
SYR,Syria,1975,6548.87348,45.061,7554364,Asia,AS
SYR,Syria,1980,7022.8313,46.708,8957663,Asia,AS
SYR,Syria,1985,7319.14607,47.891,10625672,Asia,AS
SYR,Syria,1990,7187.0244,48.931,12579208,Asia,AS
SYR,Syria,1995,8399.75219,50.104,14616801,Asia,AS
SYR,Syria,2000,8116.3478,51.947,16637888,Asia,AS
SYR,Syria,2005,8868.48394,53.782,18814091,Asia,AS
SYR,Syria,2010,9546.56049,55.6,22482421,Asia,AS
SYR,Syria,2015,5302.07414,52.168,19424618,Asia,AS
SYR,Syria,2020,4633.34952,55.475,21049429,Asia,AS
TCD,Chad,1960,1344.56397,6.695,3049838,Africa,AF
TCD,Chad,1965,1307.88203,8.406,3374220,Africa,AF
TCD,Chad,1970,1304.2384,11.568,3727828,Africa,AF
TCD,Chad,1975,1429.56861,15.566,4167234,Africa,AF
TCD,Chad,1980,885.14001,18.787,4515453,Africa,AF
TCD,Chad,1985,1162.13547,19.779,5096269,Africa,AF
TCD,Chad,1990,1431.31281,20.811,5982833,Africa,AF
TCD,Chad,1995,1416.0583,21.473,7089064,Africa,AF
TCD,Chad,2000,1407.47073,21.637,8512093,Africa,AF
TCD,Chad,2005,2607.45074,21.801,10328092,Africa,AF
TCD,Chad,2010,2717.50763,21.985,12312575,Africa,AF
TCD,Chad,2015,2823.36071,22.515,14647621,Africa,AF
TCD,Chad,2020,2513.01578,23.52,17224679,Africa,AF
TGO,Togo,1960,1290.51659,10.098,1673110,Africa,AF
TGO,Togo,1965,1713.02169,14.95,1853771,Africa,AF
TGO,Togo,1970,1943.21157,21.28,2244773,Africa,AF
TGO,Togo,1975,1830.67951,22.927,2574622,Africa,AF
TGO,Togo,1980,1843.32441,24.663,2920894,Africa,AF
TGO,Togo,1985,1727.32683,26.562,3441091,Africa,AF
TGO,Togo,1990,2025.5292,28.589,3998761,Africa,AF
TGO,Togo,1995,1879.34317,30.705,4410832,Africa,AF
TGO,Togo,2000,2005.61984,32.907,5140037,Africa,AF
TGO,Togo,2005,1908.64738,35.185,5844631,Africa,AF
TGO,Togo,2010,1988.95211,37.533,6732590,Africa,AF
TGO,Togo,2015,2317.54781,40.1,7663195,Africa,AF
TGO,Togo,2020,2490.05294,42.8,8669720,Africa,AF
THA,Thailand,1960,1832.0135,19.672,26851747,Asia,AS
THA,Thailand,1965,2103.53888,20.221,31149337,Asia,AS
THA,Thailand,1970,2891.48292,20.889,35954408,Asia,AS
THA,Thailand,1975,3206.25143,23.758,40940005,Asia,AS
THA,Thailand,1980,4034.72381,26.791,45650022,Asia,AS
THA,Thailand,1985,5449.57923,28.095,50270753,Asia,AS
THA,Thailand,1990,9018.79314,29.424,54738329,Asia,AS
THA,Thailand,1995,12262.03659,30.276,59098232,Asia,AS
THA,Thailand,2000,11791.25763,31.386,63007815,Asia,AS
THA,Thailand,2005,14542.32913,37.411,66017420,Asia,AS
THA,Thailand,2010,16730.36979,43.856,68579447,Asia,AS
THA,Thailand,2015,18811.99751,47.694,70540795,Asia,AS
THA,Thailand,2020,19957.25714,51.43,71641484,Asia,AS
TJK,Tajikistan,1960,5137.08343,33.168,2112131,Asia,AS
TJK,Tajikistan,1965,5807.37266,35.152,2492998,Asia,AS
TJK,Tajikistan,1970,6714.40537,36.876,2936779,Asia,AS
TJK,Tajikistan,1975,6779.28187,35.536,3430425,Asia,AS
TJK,Tajikistan,1980,6002.25814,34.289,3995256,Asia,AS
TJK,Tajikistan,1985,5433.79281,33.235,4619003,Asia,AS
TJK,Tajikistan,1990,4718.37169,31.658,5398768,Asia,AS
TJK,Tajikistan,1995,1580.2714,28.877,5948584,Asia,AS
TJK,Tajikistan,2000,1470.93456,26.501,6284735,Asia,AS
TJK,Tajikistan,2005,2036.19774,26.51,6924720,Asia,AS
TJK,Tajikistan,2010,2449.27359,26.52,7652141,Asia,AS
TJK,Tajikistan,2015,3041.4448,26.742,8643840,Asia,AS
TJK,Tajikistan,2020,3724.74896,27.506,9749310,Asia,AS
TKM,Turkmenistan,1960,6621.40768,46.412,1643457,Asia,AS
TKM,Turkmenistan,1965,7846.55663,47.139,1915916,Asia,AS
TKM,Turkmenistan,1970,9517.00864,47.78,2195616,Asia,AS
TKM,Turkmenistan,1975,10020.07084,47.557,2494570,Asia,AS
TKM,Turkmenistan,1980,9154.52112,47.078,2832203,Asia,AS
TKM,Turkmenistan,1985,8387.64066,45.976,3247534,Asia,AS
TKM,Turkmenistan,1990,7872.12414,45.075,3760562,Asia,AS
TKM,Turkmenistan,1995,4524.30481,44.794,4191203,Asia,AS
TKM,Turkmenistan,2000,5175.88159,45.913,4582677,Asia,AS
TKM,Turkmenistan,2005,6242.06214,47.052,5052257,Asia,AS
TKM,Turkmenistan,2010,8842.33284,48.491,5564356,Asia,AS
TKM,Turkmenistan,2015,13057.83033,50.317,6215770,Asia,AS
TKM,Turkmenistan,2020,15791.17759,52.516,6949912,Asia,AS
TLS,Timor-Leste,1960,837.55209,10.091,468118,Asia,AS
TLS,Timor-Leste,1965,1000.80319,11.353,507034,Asia,AS
TLS,Timor-Leste,1970,1155.40815,12.886,553069,Asia,AS
TLS,Timor-Leste,1975,1361.58471,14.593,598158,Asia,AS
TLS,Timor-Leste,1980,1679.6227,16.483,649871,Asia,AS
TLS,Timor-Leste,1985,2044.48343,18.563,696665,Asia,AS
TLS,Timor-Leste,1990,2458.86265,20.842,760345,Asia,AS
TLS,Timor-Leste,1995,3237.68106,22.534,868146,Asia,AS
TLS,Timor-Leste,2000,3862.79702,24.263,745088,Asia,AS
TLS,Timor-Leste,2005,3501.73256,26.041,948311,Asia,AS
TLS,Timor-Leste,2010,4049.18501,27.732,1084679,Asia,AS
TLS,Timor-Leste,2015,4469.93611,29.49,1205131,Asia,AS
TLS,Timor-Leste,2020,6598.0346,31.32,1326053,Asia,AS
TON,Tonga,1960,1613.93835,17.552,66170,Oceania,OC
TON,Tonga,1965,1603.24858,19.499,75924,Oceania,OC
TON,Tonga,1970,1593.74489,20.187,84401,Oceania,OC
TON,Tonga,1975,1666.07651,20.337,93017,Oceania,OC
TON,Tonga,1980,1908.04169,21.154,97769,Oceania,OC
TON,Tonga,1985,3890.48712,22.268,97984,Oceania,OC
TON,Tonga,1990,4568.57998,22.704,99700,Oceania,OC
TON,Tonga,1995,5549.07378,22.864,100225,Oceania,OC
TON,Tonga,2000,5856.22403,23.012,102677,Oceania,OC
TON,Tonga,2005,5881.36707,23.155,105671,Oceania,OC
TON,Tonga,2010,5488.7504,23.389,107400,Oceania,OC
TON,Tonga,2015,6194.63932,23.275,106095,Oceania,OC
TON,Tonga,2020,6995.31729,23.099,105704,Oceania,OC
TUN,Tunisia,1960,2430.69771,37.511,4267288,Africa,AF
TUN,Tunisia,1965,2791.33995,39.724,4561385,Africa,AF
TUN,Tunisia,1970,3218.96212,43.482,5131396,Africa,AF
TUN,Tunisia,1975,4167.7415,47.588,5839262,Africa,AF
TUN,Tunisia,1980,4865.8411,50.569,6606195,Africa,AF
TUN,Tunisia,1985,6022.63269,53.839,7409903,Africa,AF
TUN,Tunisia,1990,6842.6121,57.946,8324509,Africa,AF
TUN,Tunisia,1995,7545.33755,61.474,9161258,Africa,AF
TUN,Tunisia,2000,9263.8496,63.432,9764935,Africa,AF
TUN,Tunisia,2005,10627.71843,65.237,10255472,Africa,AF
TUN,Tunisia,2010,12458.25735,66.657,10765980,Africa,AF
TUN,Tunisia,2015,12802.76104,68.056,11402264,Africa,AF
TUN,Tunisia,2020,11955.56592,69.568,11974057,Africa,AF
TUR,Turkey,1960,3936.93078,31.515,28329898,Europe,EU
TUR,Turkey,1960,3936.93078,31.515,28329898,Asia,AS
TUR,Turkey,1965,4428.98009,34.227,32345220,Europe,EU
TUR,Turkey,1965,4428.98009,34.227,32345220,Asia,AS
TUR,Turkey,1970,5478.40851,38.234,36638465,Europe,EU
TUR,Turkey,1970,5478.40851,38.234,36638465,Asia,AS
TUR,Turkey,1975,6698.79912,41.586,41053126,Europe,EU
TUR,Turkey,1975,6698.79912,41.586,41053126,Asia,AS
TUR,Turkey,1980,6759.52046,43.78,45408815,Europe,EU
TUR,Turkey,1980,6759.52046,43.78,45408815,Asia,AS
TUR,Turkey,1985,8829.72816,52.448,50687115,Europe,EU
TUR,Turkey,1985,8829.72816,52.448,50687115,Asia,AS
TUR,Turkey,1990,11860.09284,59.203,56015628,Europe,EU
TUR,Turkey,1990,11860.09284,59.203,56015628,Asia,AS
TUR,Turkey,1995,12995.43116,62.123,61024503,Europe,EU
TUR,Turkey,1995,12995.43116,62.123,61024503,Asia,AS
TUR,Turkey,2000,14897.78792,64.741,65425961,Europe,EU
TUR,Turkey,2000,14897.78792,64.741,65425961,Asia,AS
TUR,Turkey,2005,17775.43114,67.84,69329557,Europe,EU
TUR,Turkey,2005,17775.43114,67.84,69329557,Asia,AS
TUR,Turkey,2010,19564.7889,70.825,73346769,Europe,EU
TUR,Turkey,2010,19564.7889,70.825,73346769,Asia,AS
TUR,Turkey,2015,25746.43245,73.611,80014226,Europe,EU
TUR,Turkey,2015,25746.43245,73.611,80014226,Asia,AS
TUR,Turkey,2020,28378.55208,76.105,86091692,Europe,EU
TUR,Turkey,2020,28378.55208,76.105,86091692,Asia,AS
TUV,Tuvalu,1960,2052.11682,15.895,5598,Oceania,OC
TUV,Tuvalu,1965,2147.59177,18.793,5715,Oceania,OC
TUV,Tuvalu,1970,2244.78781,22.081,5663,Oceania,OC
TUV,Tuvalu,1975,3398.97835,25.761,6117,Oceania,OC
TUV,Tuvalu,1980,3331.16532,29.822,7366,Oceania,OC
TUV,Tuvalu,1985,2425.7725,34.251,8046,Oceania,OC
TUV,Tuvalu,1990,3037.4003,40.661,8798,Oceania,OC
TUV,Tuvalu,1995,3338.19718,43.97,9280,Oceania,OC
TUV,Tuvalu,2000,3770.50836,46.018,9544,Oceania,OC
TUV,Tuvalu,2005,3513.28337,49.699,9940,Oceania,OC
TUV,Tuvalu,2010,3506.06023,54.796,10614,Oceania,OC
TUV,Tuvalu,2015,4088.7658,59.73,10963,Oceania,OC
TUV,Tuvalu,2020,5154.45958,64.014,10399,Oceania,OC
TZA,Tanzania,1960,930.59292,5.246,9901419,Africa,AF
TZA,Tanzania,1965,1017.36009,6.03,11470728,Africa,AF
TZA,Tanzania,1970,1140.8048,7.852,13492677,Africa,AF
TZA,Tanzania,1975,1195.55075,11.146,16138361,Africa,AF
TZA,Tanzania,1980,1175.93769,14.555,19189769,Africa,AF
TZA,Tanzania,1985,1276.03106,16.767,22501693,Africa,AF
TZA,Tanzania,1990,1587.30876,18.884,26110207,Africa,AF
TZA,Tanzania,1995,1579.3614,20.543,30383497,Africa,AF
TZA,Tanzania,2000,1792.82437,22.309,34260139,Africa,AF
TZA,Tanzania,2005,2239.90235,24.845,39182076,Africa,AF
TZA,Tanzania,2010,2654.80347,28.114,44758488,Africa,AF
TZA,Tanzania,2015,3111.44458,31.617,52020962,Africa,AF
TZA,Tanzania,2020,3449.82153,35.227,60972798,Africa,AF
UGA,Uganda,1960,1301.50478,4.417,7640973,Africa,AF
UGA,Uganda,1965,1383.60089,5.509,8849203,Africa,AF
UGA,Uganda,1970,1487.4187,6.664,10321603,Africa,AF
UGA,Uganda,1975,1282.31837,7.04,11725240,Africa,AF
UGA,Uganda,1980,889.72117,7.534,13275741,Africa,AF
UGA,Uganda,1985,964.5588,9.152,15023681,Africa,AF
UGA,Uganda,1990,1124.70915,11.076,17569897,Africa,AF
UGA,Uganda,1995,1313.40901,12.846,20665667,Africa,AF
UGA,Uganda,2000,1501.54961,14.786,24000150,Africa,AF
UGA,Uganda,2005,1776.84593,16.96,27963289,Africa,AF
UGA,Uganda,2010,2244.60595,19.383,32390802,Africa,AF
UGA,Uganda,2015,2520.0201,22.06,37531446,Africa,AF
UGA,Uganda,2020,2678.00907,24.954,44457152,Africa,AF
UKR,Ukraine,1960,7528.99903,46.792,42824093,Europe,EU
UKR,Ukraine,1965,9546.51114,50.649,45386892,Europe,EU
UKR,Ukraine,1970,11646.40183,54.831,47261306,Europe,EU
UKR,Ukraine,1975,14284.20645,58.389,48865229,Europe,EU
UKR,Ukraine,1980,15711.78882,61.693,49955152,Europe,EU
UKR,Ukraine,1985,18150.20469,64.681,51108770,Europe,EU
UKR,Ukraine,1990,19355.35476,66.757,52054092,Europe,EU
UKR,Ukraine,1995,9882.22202,66.951,51665539,Europe,EU
UKR,Ukraine,2000,9778.67964,67.145,49556660,Europe,EU
UKR,Ukraine,2005,15258.93136,67.79,47585556,Europe,EU
UKR,Ukraine,2010,16811.79492,68.596,46456003,Europe,EU
UKR,Ukraine,2015,15403.70996,69.061,45784896,Europe,EU
UKR,Ukraine,2020,17092.53906,69.608,44680014,Europe,EU
URY,Uruguay,1960,9324.83104,80.241,2529957,South America,SA
URY,Uruguay,1965,8851.8119,81.328,2681169,South America,SA
URY,Uruguay,1970,9288.42222,82.368,2790807,South America,SA
URY,Uruguay,1975,9697.81501,83.387,2872320,South America,SA
URY,Uruguay,1980,11547.5303,85.394,2951953,South America,SA
URY,Uruguay,1985,11098.32835,87.194,3017037,South America,SA
URY,Uruguay,1990,13974.74454,88.973,3104403,South America,SA
URY,Uruguay,1995,16502.46468,90.542,3189440,South America,SA
URY,Uruguay,2000,18556.85792,92.028,3266206,South America,SA
URY,Uruguay,2005,18678.61672,93.319,3285771,South America,SA
URY,Uruguay,2010,24879.83502,94.414,3318580,South America,SA
URY,Uruguay,2015,28941.62941,95.045,3368017,South America,SA
URY,Uruguay,2020,27788.1855,95.515,3398968,South America,SA
UZB,Uzbekistan,1960,5291.25402,33.978,8209109,Asia,AS
UZB,Uzbekistan,1965,6126.98608,35.289,9921681,Asia,AS
UZB,Uzbekistan,1970,7206.11803,36.714,11762638,Asia,AS
UZB,Uzbekistan,1975,7217.17543,39.087,13598521,Asia,AS
UZB,Uzbekistan,1980,6424.21098,40.782,15619936,Asia,AS
UZB,Uzbekistan,1985,5860.11733,40.722,17875339,Asia,AS
UZB,Uzbekistan,1990,5245.94666,41.365,20464956,Asia,AS
UZB,Uzbekistan,1995,3535.14321,43.731,22917589,Asia,AS
UZB,Uzbekistan,2000,3717.41589,46.126,24787054,Asia,AS
UZB,Uzbekistan,2005,4320.94278,48.537,26356975,Asia,AS
UZB,Uzbekistan,2010,5760.80512,50.956,28385506,Asia,AS
UZB,Uzbekistan,2015,7529.76364,50.75,30749346,Asia,AS
UZB,Uzbekistan,2020,8727.41105,50.416,33586372,Asia,AS
VEN,Venezuela,1960,11699.27058,61.613,8160090,South America,SA
VEN,Venezuela,1965,12859.46489,67.022,9697790,South America,SA
VEN,Venezuela,1970,12958.24365,71.852,11387790,South America,SA
VEN,Venezuela,1975,13038.22189,75.786,13215892,South America,SA
VEN,Venezuela,1980,12230.0845,79.185,15258218,South America,SA
VEN,Venezuela,1985,11154.71456,81.925,17461434,South America,SA
VEN,Venezuela,1990,11518.3604,84.284,19827010,South America,SA
VEN,Venezuela,1995,12915.11097,86.014,22193821,South America,SA
VEN,Venezuela,2000,12454.43236,87.559,24526708,South America,SA
VEN,Venezuela,2005,14034.5749,87.954,26785804,South America,SA
VEN,Venezuela,2010,16695.002,88.083,28813101,South America,SA
VEN,Venezuela,2015,16970.969,88.154,30573972,South America,SA
VEN,Venezuela,2020,5729.397,88.279,28444077,South America,SA
VNM,Vietnam,1960,1493.40569,14.7,32531933,Asia,AS
VNM,Vietnam,1965,1586.21076,16.421,37129656,Asia,AS
VNM,Vietnam,1970,1287.14264,18.3,41475230,Asia,AS
VNM,Vietnam,1975,1212.7897,18.782,46482903,Asia,AS
VNM,Vietnam,1980,1331.47218,19.247,52490101,Asia,AS
VNM,Vietnam,1985,1920.05437,19.561,59060622,Asia,AS
VNM,Vietnam,1990,2382.67426,20.257,65504552,Asia,AS
VNM,Vietnam,1995,3229.972,22.166,72049940,Asia,AS
VNM,Vietnam,2000,4250.45395,24.374,77154011,Asia,AS
VNM,Vietnam,2005,5705.39302,27.281,81088313,Asia,AS
VNM,Vietnam,2010,7274.73311,30.417,87455152,Asia,AS
VNM,Vietnam,2015,9248.02396,33.809,92823254,Asia,AS
VNM,Vietnam,2020,11851.39657,37.34,98079191,Asia,AS
VUT,Vanuatu,1960,1820.12267,10.404,64431,Oceania,OC
VUT,Vanuatu,1965,1904.6972,11.329,74358,Oceania,OC
VUT,Vanuatu,1970,1992.4307,12.325,86266,Oceania,OC
VUT,Vanuatu,1975,2449.80238,13.395,100269,Oceania,OC
VUT,Vanuatu,1980,2272.12615,14.74,115660,Oceania,OC
VUT,Vanuatu,1985,2982.5758,16.722,130356,Oceania,OC
VUT,Vanuatu,1990,3185.58006,18.715,148063,Oceania,OC
VUT,Vanuatu,1995,3280.93377,20.164,167137,Oceania,OC
VUT,Vanuatu,2000,3400.34487,21.673,186281,Oceania,OC
VUT,Vanuatu,2005,3116.25682,23.099,210760,Oceania,OC
VUT,Vanuatu,2010,3359.84955,24.462,238248,Oceania,OC
VUT,Vanuatu,2015,3357.63888,24.961,266101,Oceania,OC
VUT,Vanuatu,2020,3259.99544,25.525,298858,Oceania,OC
WSM,Samoa,1960,4213.62906,18.926,112490,Oceania,OC
WSM,Samoa,1965,4399.95867,19.301,127978,Oceania,OC
WSM,Samoa,1970,4594.85366,20.353,140400,Oceania,OC
WSM,Samoa,1975,3955.69801,20.992,153344,Oceania,OC
WSM,Samoa,1980,4621.30241,21.173,164322,Oceania,OC
WSM,Samoa,1985,4270.3569,21.2,166849,Oceania,OC
WSM,Samoa,1990,4225.91653,21.2,169042,Oceania,OC
WSM,Samoa,1995,4246.30907,21.526,174571,Oceania,OC
WSM,Samoa,2000,4786.98319,21.977,181685,Oceania,OC
WSM,Samoa,2005,5994.51432,21.218,186978,Oceania,OC
WSM,Samoa,2010,6427.31156,20.078,193023,Oceania,OC
WSM,Samoa,2015,6432.35979,18.914,201782,Oceania,OC
WSM,Samoa,2020,6745.3064,17.889,211944,Oceania,OC
YEM,Yemen,1960,1462.189,9.1,5532301,Asia,AS
YEM,Yemen,1965,1387.89244,11.026,6195593,Asia,AS
YEM,Yemen,1970,1574.55766,13.3,7065279,Asia,AS
YEM,Yemen,1975,2097.907,14.844,8133598,Asia,AS
YEM,Yemen,1980,2473.5755,16.534,9543358,Asia,AS
YEM,Yemen,1985,2314.19809,18.373,11453825,Asia,AS
YEM,Yemen,1990,2332.6713800000002,20.931,13887862,Asia,AS
YEM,Yemen,1995,2635.98018,23.76,16740058,Asia,AS
YEM,Yemen,2000,2925.61188,26.267,19624141,Asia,AS
YEM,Yemen,2005,3262.42885,28.936,22790085,Asia,AS
YEM,Yemen,2010,3603.03,31.776,26754387,Asia,AS
YEM,Yemen,2015,2196.886,34.777,31159379,Asia,AS
YEM,Yemen,2020,1660.776,37.908,36134863,Asia,AS
ZAF,South Africa,1960,6160.40256,46.619,16440172,Africa,AF
ZAF,South Africa,1965,7155.91463,47.248,19089380,Africa,AF
ZAF,South Africa,1970,8008.1191,47.809,22279984,Africa,AF
ZAF,South Africa,1975,8321.7644,48.109,25690940,Africa,AF
ZAF,South Africa,1980,8444.39792,48.425,29518857,Africa,AF
ZAF,South Africa,1985,9157.7456,49.372,35042093,Africa,AF
ZAF,South Africa,1990,9985.19104,52.037,40746268,Africa,AF
ZAF,South Africa,1995,9922.05808,54.486,44541554,Africa,AF
ZAF,South Africa,2000,11037.87368,56.891,47159719,Africa,AF
ZAF,South Africa,2005,12853.29549,59.536,49490033,Africa,AF
ZAF,South Africa,2010,14182.33428,62.218,52344051,Africa,AF
ZAF,South Africa,2015,14559.47438,64.828,56723537,Africa,AF
ZAF,South Africa,2020,13266.78581,67.354,60562381,Africa,AF
ZMB,Zambia,1960,2014.40987,18.145,3153729,Africa,AF
ZMB,Zambia,1965,2352.8044,23.372,3692086,Africa,AF
ZMB,Zambia,1970,2368.82964,30.351,4321718,Africa,AF
ZMB,Zambia,1975,2299.65452,34.934,4990086,Africa,AF
ZMB,Zambia,1980,1965.45804,39.815,5802833,Africa,AF
ZMB,Zambia,1985,2013.90858,39.655,6780953,Africa,AF
ZMB,Zambia,1990,2196.93365,39.407,7786169,Africa,AF
ZMB,Zambia,1995,1989.76563,37.104,8785763,Africa,AF
ZMB,Zambia,2000,2173.01609,34.802,10017631,Africa,AF
ZMB,Zambia,2005,2569.15938,36.911,11718819,Africa,AF
ZMB,Zambia,2010,3266.50749,39.355,13965594,Africa,AF
ZMB,Zambia,2015,3576.92545,41.907,16399089,Africa,AF
ZMB,Zambia,2020,3391.59541,44.629,19059395,Africa,AF
ZWE,Zimbabwe,1960,2255.72171,12.608,3809389,Africa,AF
ZWE,Zimbabwe,1965,2434.39666,14.62,4458462,Africa,AF
ZWE,Zimbabwe,1970,3185.7604,17.362,5215918,Africa,AF
ZWE,Zimbabwe,1975,3514.70318,19.873,6098658,Africa,AF
ZWE,Zimbabwe,1980,3247.73897,22.371,7041303,Africa,AF
ZWE,Zimbabwe,1985,3409.49941,25.414,8686813,Africa,AF
ZWE,Zimbabwe,1990,3651.94234,28.988,10137281,Africa,AF
ZWE,Zimbabwe,1995,3660.83797,31.732,10974599,Africa,AF
ZWE,Zimbabwe,2000,3888.44839,33.758,11892055,Africa,AF
ZWE,Zimbabwe,2005,2589.93892,34.11,12483432,Africa,AF
ZWE,Zimbabwe,2010,2563.47835,33.196,13356548,Africa,AF
ZWE,Zimbabwe,2015,3366.63371,32.385,14399013,Africa,AF
ZWE,Zimbabwe,2020,2987.26841,32.242,15526888,Africa,AF
