geo,name,year,gdp_pcap_pp,life_exp,population,continent_name,continent_code
AFG,Afghanistan,1950,1728.97632,42.72,7776176,Asia,AS
AFG,Afghanistan,1955,2009.69896,43.88,8326979,Asia,AS
AFG,Afghanistan,1960,2277.64036,45.03,9035043,Asia,AS
AFG,Afghanistan,1965,2359.7174,46.13,10036008,Asia,AS
AFG,Afghanistan,1970,2477.91301,47.08,11290128,Asia,AS
AFG,Afghanistan,1975,2228.08567,47.55,12773954,Asia,AS
AFG,Afghanistan,1980,2251.28484,43.68,13169311,Asia,AS
AFG,Afghanistan,1985,3068.05058,42.03,11426852,Asia,AS
AFG,Afghanistan,1990,2412.90304,53.83,12045660,Asia,AS
AFG,Afghanistan,1995,1689.0634,54.33,17065836,Asia,AS
AFG,Afghanistan,2000,1426.50934,54.73,20130327,Asia,AS
AFG,Afghanistan,2005,1855.22812,57.63,24404567,Asia,AS
AFG,Afghanistan,2010,2848.58606,60.46,28284089,Asia,AS
AFG,Afghanistan,2015,2967.69207,61.91,33831764,Asia,AS
AFG,Afghanistan,2020,2769.68575,62.34,39068979,Asia,AS
AFG,Afghanistan,2025,2092.54588,65.11,43844111,Asia,AS
AGO,Angola,1950,2490.89782,45.57,4551869,Africa,AF
AGO,Angola,1955,2866.63152,45.54,4832764,Africa,AF
AGO,Angola,1960,3299.10986,46.25,5231654,Africa,AF
AGO,Angola,1965,4432.34698,45.58,5521981,Africa,AF
AGO,Angola,1970,5177.92272,46.57,5852788,Africa,AF
AGO,Angola,1975,4130.95715,47.46,6842947,Africa,AF
AGO,Angola,1980,3728.6418,48.13,8133872,Africa,AF
AGO,Angola,1985,4028.06224,48.56,9779120,Africa,AF
AGO,Angola,1990,4974.52806,49.67,11626360,Africa,AF
AGO,Angola,1995,4176.13396,51.16,13699778,Africa,AF
AGO,Angola,2000,5352.49132,52.78,16194869,Africa,AF
AGO,Angola,2005,7592.30709,56.35,19291161,Africa,AF
AGO,Angola,2010,9672.83922,60.21,23294825,Africa,AF
AGO,Angola,2015,9980.92988,63.52,28157798,Africa,AF
AGO,Angola,2020,7556.96793,64.88,33451132,Africa,AF
AGO,Angola,2025,7457.17479,66.3,39040039,Africa,AF
ALB,Albania,1950,2169.30253,52.21,1247851,Europe,EU
ALB,Albania,1955,2395.99947,56.27,1418850,Europe,EU
ALB,Albania,1960,2898.16273,62.55,1649387,Europe,EU
ALB,Albania,1965,3292.5959,64.79,1894312,Europe,EU
ALB,Albania,1970,3876.52082,67.79,2181220,Europe,EU
ALB,Albania,1975,4248.82637,70.19,2454859,Europe,EU
ALB,Albania,1980,4416.59612,71.25,2735416,Europe,EU
ALB,Albania,1985,5161.52412,71.89,3026242,Europe,EU
ALB,Albania,1990,5490.45562,72.76,3277966,Europe,EU
ALB,Albania,1995,5095.58379,74.61,3258567,Europe,EU
ALB,Albania,2000,6558.42258,75.39,3166148,Europe,EU
ALB,Albania,2005,8977.57267,76.2,3076159,Europe,EU
ALB,Albania,2010,11828.37497,78.13,2928722,Europe,EU
ALB,Albania,2015,13156.33221,78.14,2898632,Europe,EU
ALB,Albania,2020,14662.79552,76.23,2871954,Europe,EU
ALB,Albania,2025,20361.79277,79.67,2771508,Europe,EU
AND,Andorra,1950,9702.54131,74.62,5996,Europe,EU
AND,Andorra,1955,14615.97003,75.21,6165,Europe,EU
AND,Andorra,1960,22016.56207,75.74,9510,Europe,EU
AND,Andorra,1965,33160.26538,76.3,13634,Europe,EU
AND,Andorra,1970,49938.69251,76.97,19977,Europe,EU
AND,Andorra,1975,52278.05928,77.7,27773,Europe,EU
AND,Andorra,1980,50134.87077,78.34,35782,Europe,EU
AND,Andorra,1985,44393.44628,78.71,43825,Europe,EU
AND,Andorra,1990,46235.61393,79.03,52597,Europe,EU
AND,Andorra,1995,42152.12008,79.75,63912,Europe,EU
AND,Andorra,2000,52814.6954,80.76,65685,Europe,EU
AND,Andorra,2005,64175.8719,81.4,77421,Europe,EU
AND,Andorra,2010,58285.05778,81.85,80706,Europe,EU
AND,Andorra,2015,62105.15424,82.01,72174,Europe,EU
AND,Andorra,2020,55488.4903,78.25,77380,Europe,EU
AND,Andorra,2025,67385.01529,83.19,82904,Europe,EU
ARE,UAE,1950,1839.0299,58.41,74512,Asia,AS
ARE,UAE,1955,2018.7888,58.86,101258,Asia,AS
ARE,UAE,1960,3066.57278,60.34,131334,Asia,AS
ARE,UAE,1965,15351.70704,62.59,167103,Asia,AS
ARE,UAE,1970,77424.23701,64.04,286536,Asia,AS
ARE,UAE,1975,74397.16075,65.99,542856,Asia,AS
ARE,UAE,1980,86120.31136,67.62,1015700,Asia,AS
ARE,UAE,1985,73827.44139,68.47,1377911,Asia,AS
ARE,UAE,1990,74726.8204,68.66,1898220,Asia,AS
ARE,UAE,1995,83835.62829,68.81,2434662,Asia,AS
ARE,UAE,2000,88047.22698,69.11,3493575,Asia,AS
ARE,UAE,2005,89813.8553,69.24,4664790,Asia,AS
ARE,UAE,2010,68799.93085,70.77,6938363,Asia,AS
ARE,UAE,2015,70234.73175,73.18,8674633,Asia,AS
ARE,UAE,2020,65784.67694,73.18,9448524,Asia,AS
ARE,UAE,2025,72660.14487,74.94,11346000,Asia,AS
ARG,Argentina,1950,10447.64488,63.3,17018036,South America,SA
ARG,Argentina,1955,10859.99542,64.51,18716029,South America,SA
ARG,Argentina,1960,11545.68452,65.26,20386045,South America,SA
ARG,Argentina,1965,12916.76444,66.13,22112629,South America,SA
ARG,Argentina,1970,14600.20015,66.13,23878327,South America,SA
ARG,Argentina,1975,15710.97534,68.03,25874107,South America,SA
ARG,Argentina,1980,15887.01022,70.23,28011596,South America,SA
ARG,Argentina,1985,15347.53371,71.73,30336441,South America,SA
ARG,Argentina,1990,15986.19359,72.47,32755901,South America,SA
ARG,Argentina,1995,20052.88124,73.44,35070020,South America,SA
ARG,Argentina,2000,21810.83619,74.22,37213984,South America,SA
ARG,Argentina,2005,23052.59,75.28,39216789,South America,SA
ARG,Argentina,2010,28056.25702,75.94,41288694,South America,SA
ARG,Argentina,2015,28669.20613,76.5,43477012,South America,SA
ARG,Argentina,2020,23877.09314,75.2,45191965,South America,SA
ARG,Argentina,2025,28467.05855,77.6,45851378,South America,SA
ARM,Armenia,1950,4747.14916,48.23,1382895,Europe,EU
ARM,Armenia,1950,4747.14916,48.23,1382895,Asia,AS
ARM,Armenia,1955,5571.9747,53.28,1581508,Europe,EU
ARM,Armenia,1955,5571.9747,53.28,1581508,Asia,AS
ARM,Armenia,1960,6664.54908,59.22,1863705,Europe,EU
ARM,Armenia,1960,6664.54908,59.22,1863705,Asia,AS
ARM,Armenia,1965,7585.01784,63.59,2183635,Europe,EU
ARM,Armenia,1965,7585.01784,63.59,2183635,Asia,AS
ARM,Armenia,1970,8805.06468,65.86,2475633,Europe,EU
ARM,Armenia,1970,8805.06468,65.86,2475633,Asia,AS
ARM,Armenia,1975,8890.36899,68.23,2743660,Europe,EU
ARM,Armenia,1975,8890.36899,68.23,2743660,Asia,AS
ARM,Armenia,1980,8111.70862,70.2,3107415,Europe,EU
ARM,Armenia,1980,8111.70862,70.2,3107415,Asia,AS
ARM,Armenia,1985,8680.52873,71.27,3260432,Europe,EU
ARM,Armenia,1985,8680.52873,71.27,3260432,Asia,AS
ARM,Armenia,1990,7590.79331,70.58,3552128,Europe,EU
ARM,Armenia,1990,7590.79331,70.58,3552128,Asia,AS
ARM,Armenia,1995,3950.03629,70.08,3307581,Europe,EU
ARM,Armenia,1995,3950.03629,70.08,3307581,Asia,AS
ARM,Armenia,2000,4860.71825,72.38,3125628,Europe,EU
ARM,Armenia,2000,4860.71825,72.38,3125628,Asia,AS
ARM,Armenia,2005,8511.01241,73.05,3006351,Europe,EU
ARM,Armenia,2005,8511.01241,73.05,3006351,Asia,AS
ARM,Armenia,2010,10438.56419,73.91,2931078,Europe,EU
ARM,Armenia,2010,10438.56419,73.91,2931078,Asia,AS
ARM,Armenia,2015,13112.76009,75.11,2921177,Europe,EU
ARM,Armenia,2015,13112.76009,75.11,2921177,Asia,AS
ARM,Armenia,2020,15052.93598,72.45,2890892,Europe,EU
ARM,Armenia,2020,15052.93598,72.45,2890892,Asia,AS
ARM,Armenia,2025,21539.01147,76.87,2952365,Europe,EU
ARM,Armenia,2025,21539.01147,76.87,2952365,Asia,AS
AUS,Australia,1950,14958.37583,69.4,8176750,Oceania,OC
AUS,Australia,1955,15796.24131,70.34,9205181,Oceania,OC
AUS,Australia,1960,16711.75944,71.11,10280813,Oceania,OC
AUS,Australia,1965,18628.36629,71.1,11357477,Oceania,OC
AUS,Australia,1970,21583.35614,71.15,12599411,Oceania,OC
AUS,Australia,1975,22732.48554,72.51,13893989,Oceania,OC
AUS,Australia,1980,24128.36428,74.51,14721347,Oceania,OC
AUS,Australia,1985,29895.88309,75.59,15835747,Oceania,OC
AUS,Australia,1990,36304.91547,77,17126298,Oceania,OC
AUS,Australia,1995,39087.28166,78.29,18095344,Oceania,OC
AUS,Australia,2000,45546.30419,79.72,19132471,Oceania,OC
AUS,Australia,2005,50323.82948,81.24,20294490,Oceania,OC
AUS,Australia,2010,52589.81821,82.12,22141581,Oceania,OC
AUS,Australia,2015,55691.69885,82.73,23948002,Oceania,OC
AUS,Australia,2020,57059.74364,84.11,25743791,Oceania,OC
AUS,Australia,2025,61942.61476,83.79,26974026,Oceania,OC
AUT,Austria,1950,7704.5208,64.8,6936449,Europe,EU
AUT,Austria,1955,10303.01567,67.68,6946655,Europe,EU
AUT,Austria,1960,13101.66148,68.96,7047274,Europe,EU
AUT,Austria,1965,15303.73699,70.09,7270415,Europe,EU
AUT,Austria,1970,19019.11271,70.21,7466319,Europe,EU
AUT,Austria,1975,22384.13982,71.44,7577830,Europe,EU
AUT,Austria,1980,26039.61845,72.84,7548406,Europe,EU
AUT,Austria,1985,32424.94522,74.26,7564309,Europe,EU
AUT,Austria,1990,41070.5472,75.97,7679624,Europe,EU
AUT,Austria,1995,45065.66395,77.03,7950322,Europe,EU
AUT,Austria,2000,52517.46107,78.49,8012928,Europe,EU
AUT,Austria,2005,56453.61958,79.75,8229204,Europe,EU
AUT,Austria,2010,59803.37263,80.79,8365092,Europe,EU
AUT,Austria,2015,61025.99945,81.57,8644039,Europe,EU
AUT,Austria,2020,60349.90228,81.76,8921405,Europe,EU
AUT,Austria,2025,64665.01876,83.17,9113574,Europe,EU
AZE,Azerbaijan,1950,4124.17598,37.79,3131972,Europe,EU
AZE,Azerbaijan,1950,4124.17598,37.79,3131972,Asia,AS
AZE,Azerbaijan,1955,4940.42419,42.22,3464086,Europe,EU
AZE,Azerbaijan,1955,4940.42419,42.22,3464086,Asia,AS
AZE,Azerbaijan,1960,6044.16273,48.6,3982706,Europe,EU
AZE,Azerbaijan,1960,6044.16273,48.6,3982706,Asia,AS
AZE,Azerbaijan,1965,7261.71523,55.57,4630313,Europe,EU
AZE,Azerbaijan,1965,7261.71523,55.57,4630313,Asia,AS
AZE,Azerbaijan,1970,8932.64215,59.88,5183825,Europe,EU
AZE,Azerbaijan,1970,8932.64215,59.88,5183825,Asia,AS
AZE,Azerbaijan,1975,9899.01076,64.32,5669260,Europe,EU
AZE,Azerbaijan,1975,9899.01076,64.32,5669260,Asia,AS
AZE,Azerbaijan,1980,10058.45117,66.24,6284708,Europe,EU
AZE,Azerbaijan,1980,10058.45117,66.24,6284708,Asia,AS
AZE,Azerbaijan,1985,12089.217490000001,66.93,6799814,Europe,EU
AZE,Azerbaijan,1985,12089.217490000001,66.93,6799814,Asia,AS
AZE,Azerbaijan,1990,10510.32985,66.87,7231077,Europe,EU
AZE,Azerbaijan,1990,10510.32985,66.87,7231077,Asia,AS
AZE,Azerbaijan,1995,4166.54567,64.69,7719282,Europe,EU
AZE,Azerbaijan,1995,4166.54567,64.69,7719282,Asia,AS
AZE,Azerbaijan,2000,5652.91901,66.55,8174785,Europe,EU
AZE,Azerbaijan,2000,5652.91901,66.55,8174785,Asia,AS
AZE,Azerbaijan,2005,10056.51613,67.31,8597248,Europe,EU
AZE,Azerbaijan,2005,10056.51613,67.31,8597248,Asia,AS
AZE,Azerbaijan,2010,19925.3901,68.98,9146851,Europe,EU
AZE,Azerbaijan,2010,19925.3901,68.98,9146851,Asia,AS
AZE,Azerbaijan,2015,20678.75396,70.15,9752850,Europe,EU
AZE,Azerbaijan,2015,20678.75396,70.15,9752850,Asia,AS
AZE,Azerbaijan,2020,19126.09685,64.94,10181730,Europe,EU
AZE,Azerbaijan,2020,19126.09685,64.94,10181730,Asia,AS
AZE,Azerbaijan,2025,23177.53343,71.73,10397713,Europe,EU
AZE,Azerbaijan,2025,23177.53343,71.73,10397713,Asia,AS
BDI,Burundi,1950,737.98584,40.2,2254938,Africa,AF
BDI,Burundi,1955,805.64367,41.87,2504649,Africa,AF
BDI,Burundi,1960,844.3823,43.92,2764258,Africa,AF
BDI,Burundi,1965,785.82193,45.31,3141367,Africa,AF
BDI,Burundi,1970,969.33498,45.96,3530432,Africa,AF
BDI,Burundi,1975,917.35684,47.19,3796612,Africa,AF
BDI,Burundi,1980,975.87089,48.49,4383706,Africa,AF
BDI,Burundi,1985,1238.92647,49.33,5034042,Africa,AF
BDI,Burundi,1990,1425.29552,48.72,5587052,Africa,AF
BDI,Burundi,1995,1155.95167,43.35,6066316,Africa,AF
BDI,Burundi,2000,988.06467,44.69,6470194,Africa,AF
BDI,Burundi,2005,937.35638,50.3,7587299,Africa,AF
BDI,Burundi,2010,947.62142,58.55,9376444,Africa,AF
BDI,Burundi,2015,918.55719,61.75,11047580,Africa,AF
BDI,Burundi,2020,833.92026,63.03,12617036,Africa,AF
BDI,Burundi,2025,848.37448,64.95,14390003,Africa,AF
BEL,Belgium,1950,11122.63378,66.62,8617441,Europe,EU
BEL,Belgium,1955,12523.94384,68.8,8835493,Europe,EU
BEL,Belgium,1960,13587.61433,70.07,9102171,Europe,EU
BEL,Belgium,1965,16388.84663,70.76,9399858,Europe,EU
BEL,Belgium,1970,19910.4411,71.1,9630504,Europe,EU
BEL,Belgium,1975,22878.96868,72.15,9748476,Europe,EU
BEL,Belgium,1980,25986.23388,73.33,9833093,Europe,EU
BEL,Belgium,1985,31278.09864,74.61,9880337,Europe,EU
BEL,Belgium,1990,40148.03257,76.15,9960968,Europe,EU
BEL,Belgium,1995,43182.34357,77.01,10137265,Europe,EU
BEL,Belgium,2000,49661.30813,78.04,10251717,Europe,EU
BEL,Belgium,2005,53931.0984,79.32,10478886,Europe,EU
BEL,Belgium,2010,56265.01535,80.23,10936626,Europe,EU
BEL,Belgium,2015,57534.39661,81.09,11275335,Europe,EU
BEL,Belgium,2020,57358.83703,80.37,11540107,Europe,EU
BEL,Belgium,2025,65096.12262,82.33,11758603,Europe,EU
BEN,Benin,1950,2052.8025,43.61,2250476,Africa,AF
BEN,Benin,1955,1807.68774,44.1,2353646,Africa,AF
BEN,Benin,1960,1765.88782,44.78,2517286,Africa,AF
BEN,Benin,1965,1771.12698,46.76,2757936,Africa,AF
BEN,Benin,1970,1803.2995,48.54,3065057,Africa,AF
BEN,Benin,1975,1812.22597,50.76,3445407,Africa,AF
BEN,Benin,1980,1927.36478,52.71,3925251,Africa,AF
BEN,Benin,1985,2173.85368,53.94,4538012,Africa,AF
BEN,Benin,1990,2265.51561,55.73,5281479,Africa,AF
BEN,Benin,1995,2331.84615,56.89,6226773,Africa,AF
BEN,Benin,2000,2538.05058,57.39,7221619,Africa,AF
BEN,Benin,2005,2623.1785,58.81,8426144,Africa,AF
BEN,Benin,2010,2733.574,61.1,9797484,Africa,AF
BEN,Benin,2015,2952.00218,62.64,11360681,Africa,AF
BEN,Benin,2020,3317.85972,64.1,13070169,Africa,AF
BEN,Benin,2025,4143.14163,65.71,14814460,Africa,AF
BFA,Burkina Faso,1950,906.05248,36.06,4213152,Africa,AF
BFA,Burkina Faso,1955,975.27481,37.72,4469053,Africa,AF
BFA,Burkina Faso,1960,1036.94726,39.54,4778621,Africa,AF
BFA,Burkina Faso,1965,1001.65336,41.95,5152833,Africa,AF
BFA,Burkina Faso,1970,1021.76542,44.06,5610304,Africa,AF
BFA,Burkina Faso,1975,961.6828,46.04,6147569,Africa,AF
BFA,Burkina Faso,1980,992.57328,48.64,6947900,Africa,AF
BFA,Burkina Faso,1985,1151.05601,50.64,7999935,Africa,AF
BFA,Burkina Faso,1990,1255.67978,50.67,9159356,Africa,AF
BFA,Burkina Faso,1995,1260.91111,50.66,10386722,Africa,AF
BFA,Burkina Faso,2000,1464.85074,52.48,11925546,Africa,AF
BFA,Burkina Faso,2005,1670.88941,55.3,13932123,Africa,AF
BFA,Burkina Faso,2010,1873.97146,57.94,16176498,Africa,AF
BFA,Burkina Faso,2015,2101.70266,59.9,18777487,Africa,AF
BFA,Burkina Faso,2020,2380.93172,61.36,21478690,Africa,AF
BFA,Burkina Faso,2025,2661.1876,62.97,24074580,Africa,AF
BGD,Bangladesh,1950,1185.91805,39.67,41206856,Asia,AS
BGD,Bangladesh,1955,1133.04933,41.87,45767684,Asia,AS
BGD,Bangladesh,1960,1233.99406,43.82,51828660,Asia,AS
BGD,Bangladesh,1965,1328.01562,45.87,59902519,Asia,AS
BGD,Bangladesh,1970,1371.21622,42.2,69058894,Asia,AS
BGD,Bangladesh,1975,1134.77014,50.62,77854351,Asia,AS
BGD,Bangladesh,1980,1206.12303,53.22,88016432,Asia,AS
BGD,Bangladesh,1985,1504.68649,53.75,100253825,Asia,AS
BGD,Bangladesh,1990,1829.34738,58.19,111633717,Asia,AS
BGD,Bangladesh,1995,2159.53526,62.24,122600370,Asia,AS
BGD,Bangladesh,2000,2594.17073,65.47,134544304,Asia,AS
BGD,Bangladesh,2005,3179.34961,67.44,144715786,Asia,AS
BGD,Bangladesh,2010,4125.4639,70.04,152201981,Asia,AS
BGD,Bangladesh,2015,5352.71133,73.59,159383179,Asia,AS
BGD,Bangladesh,2020,7015.19793,73.7,166298024,Asia,AS
BGD,Bangladesh,2025,8950.44644,76.33,175686899,Asia,AS
BGR,Bulgaria,1950,3106.28601,61.04,7248511,Europe,EU
BGR,Bulgaria,1955,3798.86269,64.92,7533654,Europe,EU
BGR,Bulgaria,1960,4841.60394,69.39,7862926,Europe,EU
BGR,Bulgaria,1965,6017.33973,71.52,8202416,Europe,EU
BGR,Bulgaria,1970,7012.66668,71.47,8490825,Europe,EU
BGR,Bulgaria,1975,8678.3631,71.26,8723148,Europe,EU
BGR,Bulgaria,1980,9838.53758,71.22,8859537,Europe,EU
BGR,Bulgaria,1985,12674.67316,70.36,8958854,Europe,EU
BGR,Bulgaria,1990,14014.28542,70.08,8822365,Europe,EU
BGR,Bulgaria,1995,13094.85201,69.42,8357574,Europe,EU
BGR,Bulgaria,2000,12360.28586,70.16,8000520,Europe,EU
BGR,Bulgaria,2005,17522.70718,71.12,7695050,Europe,EU
BGR,Bulgaria,2010,21715.87944,72.34,7437599,Europe,EU
BGR,Bulgaria,2015,24553.14368,73.24,7177517,Europe,EU
BGR,Bulgaria,2020,28545.70853,71.96,6933652,Europe,EU
BGR,Bulgaria,2025,36210.72816,74.33,6714560,Europe,EU
BHR,Bahrain,1950,5225.17953,50.74,117263,Asia,AS
BHR,Bahrain,1955,6754.15639,53.41,137070,Asia,AS
BHR,Bahrain,1960,8236.43416,57.27,165477,Asia,AS
BHR,Bahrain,1965,9928.5023,60.86,200866,Asia,AS
BHR,Bahrain,1970,12801.28629,64.18,224809,Asia,AS
BHR,Bahrain,1975,14168.41305,66.84,283243,Asia,AS
BHR,Bahrain,1980,17826.64271,68.36,358978,Asia,AS
BHR,Bahrain,1985,22946.268,69.43,430358,Asia,AS
BHR,Bahrain,1990,26751.98349,69.53,514797,Asia,AS
BHR,Bahrain,1995,40335.86077,70.55,593222,Asia,AS
BHR,Bahrain,2000,50712.61814,71.68,669581,Asia,AS
BHR,Bahrain,2005,51742.52452,72.66,932604,Asia,AS
BHR,Bahrain,2010,50704.84797,74.96,1213244,Asia,AS
BHR,Bahrain,2015,54149.91315,76.75,1369650,Asia,AS
BHR,Bahrain,2020,53814.24526,76.22,1483077,Asia,AS
BHR,Bahrain,2025,60839.23381,77.98,1643332,Asia,AS
BIH,Bosnia and Herzegovina,1950,2305.24745,51.06,2690410,Europe,EU
BIH,Bosnia and Herzegovina,1955,2347.92853,55.53,2952173,Europe,EU
BIH,Bosnia and Herzegovina,1960,2735.14121,61.27,3281381,Europe,EU
BIH,Bosnia and Herzegovina,1965,3124.80559,64.15,3562834,Europe,EU
BIH,Bosnia and Herzegovina,1970,3420.56189,65.92,3773247,Europe,EU
BIH,Bosnia and Herzegovina,1975,3880.13919,68.31,3965743,Europe,EU
BIH,Bosnia and Herzegovina,1980,4477.33639,69.74,4148426,Europe,EU
BIH,Bosnia and Herzegovina,1985,4294.06615,71.42,4330364,Europe,EU
BIH,Bosnia and Herzegovina,1990,3382.69127,73.21,4448652,Europe,EU
BIH,Bosnia and Herzegovina,1995,3319.95497,66.2,3715564,Europe,EU
BIH,Bosnia and Herzegovina,2000,8042.28229,75.46,4159771,Europe,EU
BIH,Bosnia and Herzegovina,2005,9876.18345,75.29,4096493,Europe,EU
BIH,Bosnia and Herzegovina,2010,12138.82997,76.31,3811472,Europe,EU
BIH,Bosnia and Herzegovina,2015,14219.54278,76.47,3518541,Europe,EU
BIH,Bosnia and Herzegovina,2020,16746.39041,75.95,3299349,Europe,EU
BIH,Bosnia and Herzegovina,2025,21620.74836,77.91,3140095,Europe,EU
BLR,Belarus,1950,4871.17755,68.2,7127595,Europe,EU
BLR,Belarus,1955,5578.83389,69.35,7560676,Europe,EU
BLR,Belarus,1960,6528.15996,71.03,8207998,Europe,EU
BLR,Belarus,1965,7580.68489,72.61,8679929,Europe,EU
BLR,Belarus,1970,9211.70496,72.13,9014897,Europe,EU
BLR,Belarus,1975,10378.71184,71.88,9324281,Europe,EU
BLR,Belarus,1980,11204.9959,71.04,9603171,Europe,EU
BLR,Belarus,1985,12794.0329,71.06,9944186,Europe,EU
BLR,Belarus,1990,13133.98655,71.31,10186261,Europe,EU
BLR,Belarus,1995,8319.6245,68.68,10197463,Europe,EU
BLR,Belarus,2000,11318.10471,69.03,9991313,Europe,EU
BLR,Belarus,2005,16600.19864,68.85,9667838,Europe,EU
BLR,Belarus,2010,24012.6133,70.61,9490752,Europe,EU
BLR,Belarus,2015,25513.21329,73.66,9487293,Europe,EU
BLR,Belarus,2020,26731.49538,72.32,9350944,Europe,EU
BLR,Belarus,2025,28456.77856,75.21,8997603,Europe,EU
BOL,Bolivia,1950,4061.7988,36.42,3089969,South America,SA
BOL,Bolivia,1955,3965.45895,40.53,3358004,South America,SA
BOL,Bolivia,1960,3484.55504,43,3702323,South America,SA
BOL,Bolivia,1965,3942.68871,46.17,4109796,South America,SA
BOL,Bolivia,1970,4216.31321,50.09,4590010,South America,SA
BOL,Bolivia,1975,4863.8057,53.66,5137539,South America,SA
BOL,Bolivia,1980,4821.19094,56.76,5758900,South America,SA
BOL,Bolivia,1985,4461.92617,59.14,6416185,South America,SA
BOL,Bolivia,1990,4992.35571,61.69,7130142,South America,SA
BOL,Bolivia,1995,5558.38215,64.02,7874676,South America,SA
BOL,Bolivia,2000,6060.87479,66.53,8606326,South America,SA
BOL,Bolivia,2005,6531.13931,68.97,9360754,South America,SA
BOL,Bolivia,2010,7571.67809,70.3,10182345,South America,SA
BOL,Bolivia,2015,9141.92841,71.3,11014705,South America,SA
BOL,Bolivia,2020,9000.97565,68.43,11816299,South America,SA
BOL,Bolivia,2025,10089.6259,73.47,12581843,South America,SA
BRA,Brazil,1950,2857.87319,47.57,53408551,South America,SA
BRA,Brazil,1955,3348.71693,49.94,62101388,South America,SA
BRA,Brazil,1960,4108.84488,52.44,72388126,South America,SA
BRA,Brazil,1965,4489.5453,54.83,83817583,South America,SA
BRA,Brazil,1970,5615.26096,56.94,95375651,South America,SA
BRA,Brazil,1975,7881.99124,59.78,107619565,South America,SA
BRA,Brazil,1980,9746.89919,62.74,121207461,South America,SA
BRA,Brazil,1985,10745.86362,64.61,135515595,South America,SA
BRA,Brazil,1990,11974.05883,67.29,149143223,South America,SA
BRA,Brazil,1995,13191.52124,69.17,161735073,South America,SA
BRA,Brazil,2000,13877.23439,71.18,174018282,South America,SA
BRA,Brazil,2005,15212.23538,72.81,184688101,South America,SA
BRA,Brazil,2010,18062.15811,73.85,193701929,South America,SA
BRA,Brazil,2015,18357.06906,75.03,201675532,South America,SA
BRA,Brazil,2020,17327.51572,74.51,208660842,South America,SA
BRA,Brazil,2025,20500.23168,77.09,212812405,South America,SA
BRN,Brunei,1950,77433.304,51.7,48297,Asia,AS
BRN,Brunei,1955,85245.36981,52.86,65210,Asia,AS
BRN,Brunei,1960,93769.71123,55.8,88347,Asia,AS
BRN,Brunei,1965,102962.7801,61.91,110838,Asia,AS
BRN,Brunei,1970,112970.0072,63.04,135138,Asia,AS
BRN,Brunei,1975,132420.06,65.74,158070,Asia,AS
BRN,Brunei,1980,176249.2016,67.51,186111,Asia,AS
BRN,Brunei,1985,124411.9412,68.52,218919,Asia,AS
BRN,Brunei,1990,116695.1293,69.38,255292,Asia,AS
BRN,Brunei,1995,107108.8942,71.45,291195,Asia,AS
BRN,Brunei,2000,101598.6423,72.52,326424,Asia,AS
BRN,Brunei,2005,100544.8503,73.03,358916,Asia,AS
BRN,Brunei,2010,88586.51319,73.83,392332,Asia,AS
BRN,Brunei,2015,81910.1884,73.98,422212,Asia,AS
BRN,Brunei,2020,80280.89795,74.4,447404,Asia,AS
BRN,Brunei,2025,82692.81626,74.36,466330,Asia,AS
BTN,Bhutan,1950,1078.56668,36.93,169982,Asia,AS
BTN,Bhutan,1955,1114.65268,39.39,194748,Asia,AS
BTN,Bhutan,1960,1152.00888,42.22,224084,Asia,AS
BTN,Bhutan,1965,1216.47382,45.51,261200,Asia,AS
BTN,Bhutan,1970,1284.08755,48.8,308528,Asia,AS
BTN,Bhutan,1975,1141.62022,51.03,365791,Asia,AS
BTN,Bhutan,1980,1317.8373,52.84,433404,Asia,AS
BTN,Bhutan,1985,1923.3068,56.22,508392,Asia,AS
BTN,Bhutan,1990,3332.64105,60.33,589287,Asia,AS
BTN,Bhutan,1995,4230.69741,63.44,547989,Asia,AS
BTN,Bhutan,2000,5180.90553,65.74,596863,Asia,AS
BTN,Bhutan,2005,6795.21887,69.05,661865,Asia,AS
BTN,Bhutan,2010,9985.28456,71,701632,Asia,AS
BTN,Bhutan,2015,12400.29832,72.29,740618,Asia,AS
BTN,Bhutan,2020,12979.93695,73.39,770006,Asia,AS
BTN,Bhutan,2025,16920.9576,74.82,796682,Asia,AS
BWA,Botswana,1950,651.87446,53.67,413697,Africa,AF
BWA,Botswana,1955,704.57112,53.98,463926,Africa,AF
BWA,Botswana,1960,750.5201,54.36,516165,Africa,AF
BWA,Botswana,1965,823.88734,55.08,574664,Africa,AF
BWA,Botswana,1970,1233.99617,56.49,590334,Africa,AF
BWA,Botswana,1975,2360.56032,59.14,720380,Africa,AF
BWA,Botswana,1980,3353.44219,60.98,937485,Africa,AF
BWA,Botswana,1985,5465.33451,62.49,1121945,Africa,AF
BWA,Botswana,1990,9377.62142,61.32,1305696,Africa,AF
BWA,Botswana,1995,10730.52132,52.5,1498836,Africa,AF
BWA,Botswana,2000,12805.35493,45.52,1677382,Africa,AF
BWA,Botswana,2005,14266.72898,49.93,1839877,Africa,AF
BWA,Botswana,2010,14545.01981,56.98,2033111,Africa,AF
BWA,Botswana,2015,15994.9643,60.62,2203273,Africa,AF
BWA,Botswana,2020,16289.39136,62.42,2365894,Africa,AF
BWA,Botswana,2025,18189.03301,63.08,2562122,Africa,AF
CAF,Central African Republic,1950,1602.93174,43.64,1438057,Africa,AF
CAF,Central African Republic,1955,1718.27646,44.24,1559363,Africa,AF
CAF,Central African Republic,1960,1764.90321,45.76,1702346,Africa,AF
CAF,Central African Republic,1965,1576.47412,47.28,1877854,Africa,AF
CAF,Central African Republic,1970,1557.26076,48.12,2097505,Africa,AF
CAF,Central African Republic,1975,1331.36255,48.44,2313916,Africa,AF
CAF,Central African Republic,1980,1203.29169,49.17,2450535,Africa,AF
CAF,Central African Republic,1985,1349.84774,49.5,2600932,Africa,AF
CAF,Central African Republic,1990,1447.41467,48.09,2871910,Africa,AF
CAF,Central African Republic,1995,1328.33636,44.69,3348052,Africa,AF
CAF,Central African Republic,2000,1251.66767,43.79,3833416,Africa,AF
CAF,Central African Republic,2005,1214.27096,45.21,4288810,Africa,AF
CAF,Central African Republic,2010,1479.41368,47.81,4492995,Africa,AF
CAF,Central African Republic,2015,1043.92172,49.67,4629320,Africa,AF
CAF,Central African Republic,2020,1136.57053,51.95,5026628,Africa,AF
CAF,Central African Republic,2025,1135.80389,53.6,5513282,Africa,AF
CHE,Switzerland,1950,15688.85347,69.02,4692641,Europe,EU
CHE,Switzerland,1955,19152.94079,70.3,5002112,Europe,EU
CHE,Switzerland,1960,22437.85557,71.76,5327780,Europe,EU
CHE,Switzerland,1965,26966.91019,72.51,5856419,Europe,EU
CHE,Switzerland,1970,31863.78266,73.34,6180922,Europe,EU
CHE,Switzerland,1975,32786.98397,74.98,6338600,Europe,EU
CHE,Switzerland,1980,36295.72045,75.97,6319846,Europe,EU
CHE,Switzerland,1985,45297.56304,77.22,6470957,Europe,EU
CHE,Switzerland,1990,58149.84624,77.94,6713173,Europe,EU
CHE,Switzerland,1995,58305.71879,78.91,7040477,Europe,EU
CHE,Switzerland,2000,65911.90228,80.3,7184007,Europe,EU
CHE,Switzerland,2005,69407.28865,81.69,7431823,Europe,EU
CHE,Switzerland,2010,74290.26196,82.79,7825753,Europe,EU
CHE,Switzerland,2015,76566.07725,83.58,8283934,Europe,EU
CHE,Switzerland,2020,77324.88709,83.27,8640582,Europe,EU
CHE,Switzerland,2025,84310.9311,84.85,8967407,Europe,EU
CHL,Chile,1950,7142.98415,50.26,6628577,South America,SA
CHL,Chile,1955,7338.72744,54.83,7332301,South America,SA
CHL,Chile,1960,7537.58237,54.2,8153350,South America,SA
CHL,Chile,1965,7677.37097,58.7,9012938,South America,SA
CHL,Chile,1970,8360.09347,61.99,9845344,South America,SA
CHL,Chile,1975,6581.96506,66.15,10671559,South America,SA
CHL,Chile,1980,8417.02994,69.44,11508550,South America,SA
CHL,Chile,1985,8433.43664,71.95,12395274,South America,SA
CHL,Chile,1990,11657.76447,73.43,13437176,South America,SA
CHL,Chile,1995,15580.62376,75.28,14527381,South America,SA
CHL,Chile,2000,17899.00288,76.93,15503635,South America,SA
CHL,Chile,2005,21053.24367,77.89,16348778,South America,SA
CHL,Chile,2010,24116.76947,78.61,17181464,South America,SA
CHL,Chile,2015,27811.37452,79.63,18047625,South America,SA
CHL,Chile,2020,26248.56164,79.21,19370624,South America,SA
CHL,Chile,2025,31425.36958,81.39,19859921,South America,SA
CHN,China,1950,848.50597,50.99,544044358,Asia,AS
CHN,China,1955,1064.12798,53.92,603547007,Asia,AS
CHN,China,1960,913.00393999999994,27.79,654802069,Asia,AS
CHN,China,1965,954.26984,58.47,723415733,Asia,AS
CHN,China,1970,947.25549,60.88,823308967,Asia,AS
CHN,China,1975,966.91149,62.81,916116793,Asia,AS
CHN,China,1980,1041.07576,64.41,983163542,Asia,AS
CHN,China,1985,1617.48636,66.59,1059807820,Asia,AS
CHN,China,1990,2137.8588,68.09,1153582724,Asia,AS
CHN,China,1995,3222.91661,69.75,1220133927,Asia,AS
CHN,China,2000,4330.14292,71.33,1269581175,Asia,AS
CHN,China,2005,6453.21746,72.98,1310027136,Asia,AS
CHN,China,2010,10476.31236,74.92,1351561514,Asia,AS
CHN,China,2015,14856.78076,76.77,1396134174,Asia,AS
CHN,China,2020,19215.15417,77.7,1426106093,Asia,AS
CHN,China,2025,25504.91715,78.81,1416096094,Asia,AS
CIV,Cote d'Ivoire,1950,2243.50789,41.8,2735180,Africa,AF
CIV,Cote d'Ivoire,1955,2444.07575,43.1,3136628,Africa,AF
CIV,Cote d'Ivoire,1960,2741.57113,45.61,3673666,Africa,AF
CIV,Cote d'Ivoire,1965,3442.0958,48.35,4442377,Africa,AF
CIV,Cote d'Ivoire,1970,4073.09591,50.93,5411567,Africa,AF
CIV,Cote d'Ivoire,1975,4232.76929,53.98,6776297,Africa,AF
CIV,Cote d'Ivoire,1980,4405.9324,56.72,8220714,Africa,AF
CIV,Cote d'Ivoire,1985,4440.82213,57.38,10040483,Africa,AF
CIV,Cote d'Ivoire,1990,4382.00012,55.74,12189778,Africa,AF
CIV,Cote d'Ivoire,1995,4136.58843,51.7,14855565,Africa,AF
CIV,Cote d'Ivoire,2000,4549.02362,51.13,17699004,Africa,AF
CIV,Cote d'Ivoire,2005,3956.21195,53.46,20068458,Africa,AF
CIV,Cote d'Ivoire,2010,4338.65248,57.39,22488065,Africa,AF
CIV,Cote d'Ivoire,2015,5110.86241,61.07,25246342,Africa,AF
CIV,Cote d'Ivoire,2020,5787.81533,63.94,28915449,Africa,AF
CIV,Cote d'Ivoire,2025,7143.2159,65.53,32711547,Africa,AF
CMR,Cameroon,1950,1445.72526,42.39,4330084,Africa,AF
CMR,Cameroon,1955,1633.59337,45.06,4700257,Africa,AF
CMR,Cameroon,1960,1812.67741,27.54,5159057,Africa,AF
CMR,Cameroon,1965,1931.1579,49.55,5704686,Africa,AF
CMR,Cameroon,1970,2068.44162,51.54,6449793,Africa,AF
CMR,Cameroon,1975,2183.57652,53.56,7397120,Africa,AF
CMR,Cameroon,1980,2719.18103,55.39,8512219,Africa,AF
CMR,Cameroon,1985,4404.21027,57.71,9761730,Africa,AF
CMR,Cameroon,1990,3848.34316,58.43,11331821,Africa,AF
CMR,Cameroon,1995,3188.06737,56.64,13058516,Africa,AF
CMR,Cameroon,2000,3621.82516,54.47,14912631,Africa,AF
CMR,Cameroon,2005,4096.94001,54.99,17074594,Africa,AF
CMR,Cameroon,2010,4286.58303,57.7,19668066,Africa,AF
CMR,Cameroon,2015,4698.66678,60.05,22763414,Africa,AF
CMR,Cameroon,2020,4763.48194,62.58,26210558,Africa,AF
CMR,Cameroon,2025,5107.23253,64.52,29879337,Africa,AF
COD,"Congo, Dem. Rep.",1950,1278.34618,45.34,12294287,Africa,AF
COD,"Congo, Dem. Rep.",1955,1709.85754,46.52,13630351,Africa,AF
COD,"Congo, Dem. Rep.",1960,1809.35299,47.55,15264846,Africa,AF
COD,"Congo, Dem. Rep.",1965,1789.61303,48.26,17427802,Africa,AF
COD,"Congo, Dem. Rep.",1970,1911.9041,49.62,20137436,Africa,AF
COD,"Congo, Dem. Rep.",1975,1936.90458,50.87,23021101,Africa,AF
COD,"Congo, Dem. Rep.",1980,1583.39289,52.13,26711099,Africa,AF
COD,"Congo, Dem. Rep.",1985,1777.66353,53.67,31264816,Africa,AF
COD,"Congo, Dem. Rep.",1990,1781.63771,54.27,36684063,Africa,AF
COD,"Congo, Dem. Rep.",1995,1094.0399,53.64,44433704,Africa,AF
COD,"Congo, Dem. Rep.",2000,828.85463,53.93,50507442,Africa,AF
COD,"Congo, Dem. Rep.",2005,896.68398,56.14,58775724,Africa,AF
COD,"Congo, Dem. Rep.",2010,1031.25015,58.78,68563038,Africa,AF
COD,"Congo, Dem. Rep.",2015,1267.90549,62.65,81035531,Africa,AF
COD,"Congo, Dem. Rep.",2020,1277.63286,64.47,95989998,Africa,AF
COD,"Congo, Dem. Rep.",2025,1565.63762,66.25,112832473,Africa,AF
COG,"Congo, Rep.",1950,2227.41086,42.05,835261,Africa,AF
COG,"Congo, Rep.",1955,2421.09202,42.5,934432,Africa,AF
COG,"Congo, Rep.",1960,2591.03068,43.74,1056732,Africa,AF
COG,"Congo, Rep.",1965,2704.73993,45.4,1207880,Africa,AF
COG,"Congo, Rep.",1970,3377.23557,47.23,1397638,Africa,AF
COG,"Congo, Rep.",1975,3879.64111,49.71,1627032,Africa,AF
COG,"Congo, Rep.",1980,4369.01099,52.75,1828985,Africa,AF
COG,"Congo, Rep.",1985,5815.96324,55.58,2059311,Africa,AF
COG,"Congo, Rep.",1990,7454.49302,53.97,2380560,Africa,AF
COG,"Congo, Rep.",1995,7028.46819,52.32,2749461,Africa,AF
COG,"Congo, Rep.",2000,7242.9104,53.05,3151345,Africa,AF
COG,"Congo, Rep.",2005,7763.52189,56.99,3696393,Africa,AF
COG,"Congo, Rep.",2010,8583.6618,60.87,4462290,Africa,AF
COG,"Congo, Rep.",2015,8977.70682,63.52,5097581,Africa,AF
COG,"Congo, Rep.",2020,6350.50913,66.52,5752791,Africa,AF
COG,"Congo, Rep.",2025,6377.20603,66.38,6484437,Africa,AF
COL,Colombia,1950,4311.59595,54.09,11766988,South America,SA
COL,Colombia,1955,4631.91539,57.49,13473060,South America,SA
COL,Colombia,1960,4666.8532,59.26,15606209,South America,SA
COL,Colombia,1965,4847.31054,61.58,18169050,South America,SA
COL,Colombia,1970,5415.05439,65.93,20811782,South America,SA
COL,Colombia,1975,6148.45304,66.27,23344644,South America,SA
COL,Colombia,1980,6949.00403,68.92,26104498,South America,SA
COL,Colombia,1985,8094.87593,67.21,29268470,South America,SA
COL,Colombia,1990,10076.56366,71.45,32440069,South America,SA
COL,Colombia,1995,11360.93228,72.55,35804662,South America,SA
COL,Colombia,2000,10888.18673,74.23,39089934,South America,SA
COL,Colombia,2005,12049.36378,76.52,42128977,South America,SA
COL,Colombia,2010,14037.06427,77.89,44777319,South America,SA
COL,Colombia,2015,16821.38014,79.69,46969940,South America,SA
COL,Colombia,2020,15861.49993,78.12,50629997,South America,SA
COL,Colombia,2025,19301.99344,81.37,53425635,South America,SA
COM,Comoros,1950,702.66356,44.74,161938,Africa,AF
COM,Comoros,1955,778.47027,45.77,179587,Africa,AF
COM,Comoros,1960,880.34954,47.11,197700,Africa,AF
COM,Comoros,1965,1142.63217,49.28,214967,Africa,AF
COM,Comoros,1970,1251.21098,51.36,244185,Africa,AF
COM,Comoros,1975,1372.32816,52.87,287692,Africa,AF
COM,Comoros,1980,1429.82431,54.46,337721,Africa,AF
COM,Comoros,1985,1834.54069,56.55,388352,Africa,AF
COM,Comoros,1990,2069.78692,58.46,444596,Africa,AF
COM,Comoros,1995,2072.25939,59.83,490586,Africa,AF
COM,Comoros,2000,2273.33458,61.41,536080,Africa,AF
COM,Comoros,2005,2377.91779,64.07,592677,Africa,AF
COM,Comoros,2010,2652.35554,65.9,654836,Africa,AF
COM,Comoros,2015,3105.59296,67.54,726682,Africa,AF
COM,Comoros,2020,3424.53969,68.83,802163,Africa,AF
COM,Comoros,2025,3717.61456,70.26,882847,Africa,AF
CPV,Cape Verde,1950,1194.51847,56.2,184972,Africa,AF
CPV,Cape Verde,1955,1157.70892,57,195614,Africa,AF
CPV,Cape Verde,1960,1198.28094,56.76,210024,Africa,AF
CPV,Cape Verde,1965,1150.25198,60.19,244856,Africa,AF
CPV,Cape Verde,1970,1348.63827,58.1,287885,Africa,AF
CPV,Cape Verde,1975,1163.60868,62.6,305847,Africa,AF
CPV,Cape Verde,1980,1214.2351,66.82,323301,Africa,AF
CPV,Cape Verde,1985,1721.31454,67.57,347365,Africa,AF
CPV,Cape Verde,1990,2043.33713,69.93,375428,Africa,AF
CPV,Cape Verde,1995,2863.98683,68.74,418104,Africa,AF
CPV,Cape Verde,2000,4548.5827,70.27,453317,Africa,AF
CPV,Cape Verde,2005,5610.24679,71.83,485115,Africa,AF
CPV,Cape Verde,2010,7072.1215,74.41,509784,Africa,AF
CPV,Cape Verde,2015,7560.13649,74.86,512394,Africa,AF
CPV,Cape Verde,2020,7207.86854,72.58,514679,Africa,AF
CPV,Cape Verde,2025,10625.35184,75.05,527326,Africa,AF
CYP,Cyprus,1950,3674.42399,62.2,493871,Europe,EU
CYP,Cyprus,1950,3674.42399,62.2,493871,Asia,AS
CYP,Cyprus,1955,4232.73601,63.12,533865,Europe,EU
CYP,Cyprus,1955,4232.73601,63.12,533865,Asia,AS
CYP,Cyprus,1960,4327.03082,64.98,586490,Europe,EU
CYP,Cyprus,1960,4327.03082,64.98,586490,Asia,AS
CYP,Cyprus,1965,5791.29336,66.52,617736,Europe,EU
CYP,Cyprus,1965,5791.29336,66.52,617736,Asia,AS
CYP,Cyprus,1970,7794.31448,67.56,647446,Europe,EU
CYP,Cyprus,1970,7794.31448,67.56,647446,Asia,AS
CYP,Cyprus,1975,7059.36172,68.55,659405,Europe,EU
CYP,Cyprus,1975,7059.36172,68.55,659405,Asia,AS
CYP,Cyprus,1980,11911.00284,71.3,683076,Europe,EU
CYP,Cyprus,1980,11911.00284,71.3,683076,Asia,AS
CYP,Cyprus,1985,17244.95414,73.35,731277,Europe,EU
CYP,Cyprus,1985,17244.95414,73.35,731277,Asia,AS
CYP,Cyprus,1990,25494.36518,75.07,788351,Europe,EU
CYP,Cyprus,1990,25494.36518,75.07,788351,Asia,AS
CYP,Cyprus,1995,29909.31259,75.52,862695,Europe,EU
CYP,Cyprus,1995,29909.31259,75.52,862695,Asia,AS
CYP,Cyprus,2000,35146.08645,76.66,947667,Europe,EU
CYP,Cyprus,2000,35146.08645,76.66,947667,Asia,AS
CYP,Cyprus,2005,40867.72119,77.93,1036151,Europe,EU
CYP,Cyprus,2005,40867.72119,77.93,1036151,Asia,AS
CYP,Cyprus,2010,42103.49219,79.52,1127816,Europe,EU
CYP,Cyprus,2010,42103.49219,79.52,1127816,Asia,AS
CYP,Cyprus,2015,37903.125,80.45,1219502,Europe,EU
CYP,Cyprus,2015,37903.125,80.45,1219502,Asia,AS
CYP,Cyprus,2020,44203.89063,80.8,1302247,Europe,EU
CYP,Cyprus,2020,44203.89063,80.8,1302247,Asia,AS
CYP,Cyprus,2025,55720.00354,81.77,1370754,Europe,EU
CYP,Cyprus,2025,55720.00354,81.77,1370754,Asia,AS
CZE,Czech Republic,1950,7863.54922,64.25,8916711,Europe,EU
CZE,Czech Republic,1955,8671.15839,68.9,9289421,Europe,EU
CZE,Czech Republic,1960,11088.73092,70.39,9541605,Europe,EU
CZE,Czech Republic,1965,11925.57213,70.32,9706847,Europe,EU
CZE,Czech Republic,1970,13797.86745,69.68,9801252,Europe,EU
CZE,Czech Republic,1975,17763.23107,70.65,10030774,Europe,EU
CZE,Czech Republic,1980,20566.93729,70.5,10275403,Europe,EU
CZE,Czech Republic,1985,22035.01643,71.25,10305145,Europe,EU
CZE,Czech Republic,1990,24986.32037,71.58,10301988,Europe,EU
CZE,Czech Republic,1995,25066.20402,73.38,10312042,Europe,EU
CZE,Czech Republic,2000,28370.00746,75.2,10236804,Europe,EU
CZE,Czech Republic,2005,35070.80206,76.42,10280153,Europe,EU
CZE,Czech Republic,2010,39097.38862,77.85,10464035,Europe,EU
CZE,Czech Republic,2015,42066.57598,79,10524416,Europe,EU
CZE,Czech Republic,2020,45119.93873,78.79,10550129,Europe,EU
CZE,Czech Republic,2025,50179.53386,80.33,10609239,Europe,EU
DEU,Germany,1950,7854.39541,66.51,69847782,Europe,EU
DEU,Germany,1955,11505.69772,68.53,70334152,Europe,EU
DEU,Germany,1960,15008.53361,69.41,72811640,Europe,EU
DEU,Germany,1965,17630.91694,70.68,75966964,Europe,EU
DEU,Germany,1970,20365.9555,70.61,78205102,Europe,EU
DEU,Germany,1975,22281.95624,71.67,78701865,Europe,EU
DEU,Germany,1980,25805.79508,73.26,78315375,Europe,EU
DEU,Germany,1985,31941.42573,74.83,77863424,Europe,EU
DEU,Germany,1990,39759.50503,75.66,79707959,Europe,EU
DEU,Germany,1995,43965.05515,76.87,82019890,Europe,EU
DEU,Germany,2000,49166.3611,78.39,81797258,Europe,EU
DEU,Germany,2005,51073.62335,79.64,82046731,Europe,EU
DEU,Germany,2010,54865.43053,80.5,80830924,Europe,EU
DEU,Germany,2015,59699.33812,80.88,82077550,Europe,EU
DEU,Germany,2020,60342.6627,80.79,83628708,Europe,EU
DEU,Germany,2025,64355.00745,82.13,84075075,Europe,EU
DJI,Djibouti,1950,4807.93824,54.65,62331,Africa,AF
DJI,Djibouti,1955,5339.04971,55.28,73004,Africa,AF
DJI,Djibouti,1960,5912.81495,56.21,86024,Africa,AF
DJI,Djibouti,1965,5973.2889,57.3,109092,Africa,AF
DJI,Djibouti,1970,7188.75025,58.44,145175,Africa,AF
DJI,Djibouti,1975,6825.47856,60.09,209908,Africa,AF
DJI,Djibouti,1980,4395.78281,60.84,325815,Africa,AF
DJI,Djibouti,1985,3980.54516,60.59,402687,Africa,AF
DJI,Djibouti,1990,3044.7133,60.57,579538,Africa,AF
DJI,Djibouti,1995,2748.777,60.49,633074,Africa,AF
DJI,Djibouti,2000,2521.51529,60.37,747318,Africa,AF
DJI,Djibouti,2005,2968.8721,61.39,839167,Africa,AF
DJI,Djibouti,2010,3762.14345,63.24,930251,Africa,AF
DJI,Djibouti,2015,4961.86819,65.28,1020313,Africa,AF
DJI,Djibouti,2020,5791.47768,66.41,1105188,Africa,AF
DJI,Djibouti,2025,7352.87525,68.33,1184076,Africa,AF
DNK,Denmark,1950,14103.30389,70.66,4268404,Europe,EU
DNK,Denmark,1955,14700.16926,72.1,4438838,Europe,EU
DNK,Denmark,1960,17159.03039,72.51,4579342,Europe,EU
DNK,Denmark,1965,20861.73305,72.66,4758836,Europe,EU
DNK,Denmark,1970,24047.36956,73.57,4928668,Europe,EU
DNK,Denmark,1975,25135.06469,74.24,5060400,Europe,EU
DNK,Denmark,1980,27653.15849,74.39,5123081,Europe,EU
DNK,Denmark,1985,36699.50547,74.82,5113880,Europe,EU
DNK,Denmark,1990,43847.72888,75.23,5141025,Europe,EU
DNK,Denmark,1995,49167.47801,75.6,5233360,Europe,EU
DNK,Denmark,2000,56639.72033,77.16,5339658,Europe,EU
DNK,Denmark,2005,60326.06387,78.34,5419555,Europe,EU
DNK,Denmark,2010,59696.35452,79.52,5547863,Europe,EU
DNK,Denmark,2015,61893.24606,80.99,5683701,Europe,EU
DNK,Denmark,2020,65204.54932,81.24,5831530,Europe,EU
DNK,Denmark,2025,77336.97179,82.02,6002507,Europe,EU
DZA,Algeria,1950,3025.42858,55.12,9018426,Africa,AF
DZA,Algeria,1955,3267.17552,53.07,10247424,Africa,AF
DZA,Algeria,1960,4817.39614,52.38,11424922,Africa,AF
DZA,Algeria,1965,4327.74364,56.8,12365976,Africa,AF
DZA,Algeria,1970,5261.56648,56.23,13783719,Africa,AF
DZA,Algeria,1975,5946.10935,56.87,15678596,Africa,AF
DZA,Algeria,1980,7360.63927,58.73,18607174,Africa,AF
DZA,Algeria,1985,9520.83224,64.7,22008544,Africa,AF
DZA,Algeria,1990,9808.17009,67.48,25375810,Africa,AF
DZA,Algeria,1995,9650.07633,69.04,28470191,Africa,AF
DZA,Algeria,2000,11174.92144,70.96,30903893,Africa,AF
DZA,Algeria,2005,13707.76136,72.94,33109249,Africa,AF
DZA,Algeria,2010,14496.42113,74.48,36188236,Africa,AF
DZA,Algeria,2015,15239.51715,75.44,40019529,Africa,AF
DZA,Algeria,2020,14194.15575,74.19,44042091,Africa,AF
DZA,Algeria,2025,16189.46985,77.47,47435312,Africa,AF
ECU,Ecuador,1950,3808.43344,50.27,3516791,South America,SA
ECU,Ecuador,1955,4251.49015,53.94,4006188,South America,SA
ECU,Ecuador,1960,4519.08842,56.1,4590891,South America,SA
ECU,Ecuador,1965,4901.77672,59.75,5303963,South America,SA
ECU,Ecuador,1970,5236.29392,61.35,6155387,South America,SA
ECU,Ecuador,1975,6577.40633,64.09,7118251,South America,SA
ECU,Ecuador,1980,7320.96798,67.01,8165877,South America,SA
ECU,Ecuador,1985,8197.46344,69.88,9311154,South America,SA
ECU,Ecuador,1990,8869.60584,71.95,10473673,South America,SA
ECU,Ecuador,1995,9482.59963,73.63,11590514,South America,SA
ECU,Ecuador,2000,9189.07161,74.46,12689206,South America,SA
ECU,Ecuador,2005,10685.98054,73.61,13846163,South America,SA
ECU,Ecuador,2010,11665.69786,74.27,15076695,South America,SA
ECU,Ecuador,2015,13881.57007,75.88,16266225,South America,SA
ECU,Ecuador,2020,12440.32637,71.29,17546065,South America,SA
ECU,Ecuador,2025,14442.50999,77.51,18289896,South America,SA
EGY,Egypt,1950,1889.69328,41.25,21148164,Africa,AF
EGY,Egypt,1955,1820.41979,43.8,23795229,Africa,AF
EGY,Egypt,1960,2036.91939,46.87,26896479,Africa,AF
EGY,Egypt,1965,2460.74198,50.67,30629174,Africa,AF
EGY,Egypt,1970,2693.03494,51.25,34623990,Africa,AF
EGY,Egypt,1975,2932.1491,54.43,38875327,Africa,AF
EGY,Egypt,1980,4202.91027,58.48,43950413,Africa,AF
EGY,Egypt,1985,5921.01005,60.12,50734968,Africa,AF
EGY,Egypt,1990,7143.51701,63.92,58396618,Africa,AF
EGY,Egypt,1995,8014.82187,66.38,65652622,Africa,AF
EGY,Egypt,2000,9804.51932,68.54,73083284,Africa,AF
EGY,Egypt,2005,10701.49106,68.78,81101004,Africa,AF
EGY,Egypt,2010,13128.98783,69.44,89196072,Africa,AF
EGY,Egypt,2015,13425.91196,69.92,99597342,Africa,AF
EGY,Egypt,2020,15309.23599,70.6,109315124,Africa,AF
EGY,Egypt,2025,17541.37397,71.97,118365995,Africa,AF
ERI,Eritrea,1950,941.61481,39.79,814866,Africa,AF
ERI,Eritrea,1955,950.92236,40.81,886237,Africa,AF
ERI,Eritrea,1960,925.38622,42.12,972547,Africa,AF
ERI,Eritrea,1965,1014.32784,38.94,1098335,Africa,AF
ERI,Eritrea,1970,1071.1095,40.89,1243453,Africa,AF
ERI,Eritrea,1975,986.70439,40.66,1408210,Africa,AF
ERI,Eritrea,1980,949.0696,42.72,1605797,Africa,AF
ERI,Eritrea,1985,775.43203,44.64,1807816,Africa,AF
ERI,Eritrea,1990,826.75314,46.21,2032737,Africa,AF
ERI,Eritrea,1995,1424.24426,53.61,2025267,Africa,AF
ERI,Eritrea,2000,1470.36504,54.83,2247031,Africa,AF
ERI,Eritrea,2005,1406.10549,57.7,2661215,Africa,AF
ERI,Eritrea,2010,1306.466,59.95,2945186,Africa,AF
ERI,Eritrea,2015,1603.317,62.2,3105546,Africa,AF
ERI,Eritrea,2020,1912.47217,63.64,3291271,Africa,AF
ERI,Eritrea,2025,2441.67773,65.42,3607003,Africa,AF
ESP,Spain,1950,4528.78243,61.8,28077049,Europe,EU
ESP,Spain,1955,5829.11517,66.66,29089776,Europe,EU
ESP,Spain,1960,6713.18452,69.45,30404939,Europe,EU
ESP,Spain,1965,9909.73808,70.94,32110668,Europe,EU
ESP,Spain,1970,12715.64071,72.02,33812723,Europe,EU
ESP,Spain,1975,16208.59331,73.59,35795769,Europe,EU
ESP,Spain,1980,17327.13369,75.51,37537565,Europe,EU
ESP,Spain,1985,21081.35002,76.45,38601321,Europe,EU
ESP,Spain,1990,29891.57274,76.96,39084979,Europe,EU
ESP,Spain,1995,32419.39467,78.09,40052738,Europe,EU
ESP,Spain,2000,39364.63231,79.47,41019774,Europe,EU
ESP,Spain,2005,43400.49882,80.58,43958885,Europe,EU
ESP,Spain,2010,42695.52742,82.08,46840471,Europe,EU
ESP,Spain,2015,43053.76143,82.78,46683686,Europe,EU
ESP,Spain,2020,41553.44779,81.85,47679489,Europe,EU
ESP,Spain,2025,50242.02774,83.87,47889958,Europe,EU
EST,Estonia,1950,8171.50565,66.74,1102042,Europe,EU
EST,Estonia,1955,9272.08402,67.68,1166871,Europe,EU
EST,Estonia,1960,10743.00219,69.41,1220453,Europe,EU
EST,Estonia,1965,12600.21452,70.82,1292804,Europe,EU
EST,Estonia,1970,15120.4566,70.46,1361866,Europe,EU
EST,Estonia,1975,16891.97026,70.23,1423504,Europe,EU
EST,Estonia,1980,18192.18368,69.66,1476463,Europe,EU
EST,Estonia,1985,19755.82108,69.82,1525280,Europe,EU
EST,Estonia,1990,20345.04717,69.99,1570303,Europe,EU
EST,Estonia,1995,15335.05271,68,1452777,Europe,EU
EST,Estonia,2000,20974.85794,71.05,1396997,Europe,EU
EST,Estonia,2005,30444.97207,73.01,1354848,Europe,EU
EST,Estonia,2010,30379.10913,76.25,1331448,Europe,EU
EST,Estonia,2015,36729.80725,77.78,1314576,Europe,EU
EST,Estonia,2020,41340.76465,77.72,1329669,Europe,EU
EST,Estonia,2025,42892.09544,79.01,1344232,Europe,EU
ETH,Ethiopia,1950,750.02302,38.97,17670412,Africa,AF
ETH,Ethiopia,1955,799.47738,40.1,19419770,Africa,AF
ETH,Ethiopia,1960,812.72881,40.81,21376693,Africa,AF
ETH,Ethiopia,1965,936.69011,41.71,24310612,Africa,AF
ETH,Ethiopia,1970,967.82704,42.68,27829128,Africa,AF
ETH,Ethiopia,1975,913.95596,43.17,31723252,Africa,AF
ETH,Ethiopia,1980,901.15744,44.75,34428514,Africa,AF
ETH,Ethiopia,1985,832.26998,46.34,39842136,Africa,AF
ETH,Ethiopia,1990,962.09165,46.91,47609755,Africa,AF
ETH,Ethiopia,1995,805.14145,49.64,57537335,Africa,AF
ETH,Ethiopia,2000,838.63896,51.13,67411494,Africa,AF
ETH,Ethiopia,2005,962.42678,57.04,78367470,Africa,AF
ETH,Ethiopia,2010,1381.19045,63.05,90538514,Africa,AF
ETH,Ethiopia,2015,1957.41454,66.84,103867135,Africa,AF
ETH,Ethiopia,2020,2516.54908,68.36,118917671,Africa,AF
ETH,Ethiopia,2025,3106.93422,70.68,135472051,Africa,AF
FIN,Finland,1950,8612.14494,64.51,4008407,Europe,EU
FIN,Finland,1955,10325.86653,67.73,4235197,Europe,EU
FIN,Finland,1960,11952.65115,69.22,4429624,Europe,EU
FIN,Finland,1965,14338.61694,69.56,4564150,Europe,EU
FIN,Finland,1970,17453.05519,70.66,4606305,Europe,EU
FIN,Finland,1975,20463.75311,72.17,4711168,Europe,EU
FIN,Finland,1980,22818.36187,74.01,4779350,Europe,EU
FIN,Finland,1985,29459.73968,74.88,4902261,Europe,EU
FIN,Finland,1990,37953.94831,75.43,4986575,Europe,EU
FIN,Finland,1995,36481.51624,76.94,5107922,Europe,EU
FIN,Finland,2000,46480.58365,78.04,5176202,Europe,EU
FIN,Finland,2005,52477.08912,79.32,5246082,Europe,EU
FIN,Finland,2010,54017.94586,80.4,5363350,Europe,EU
FIN,Finland,2015,52782.48739,81.68,5479717,Europe,EU
FIN,Finland,2020,55424.8575,81.86,5529612,Europe,EU
FIN,Finland,2025,57574.23612,82.84,5623329,Europe,EU
FJI,Fiji,1950,3190.85695,59.26,309514,Oceania,OC
FJI,Fiji,1955,3445.63419,63,349070,Oceania,OC
FJI,Fiji,1960,3716.37951,64.6,404887,Oceania,OC
FJI,Fiji,1965,3586.8484,65.57,472575,Oceania,OC
FJI,Fiji,1970,4423.58696,65.17,531188,Oceania,OC
FJI,Fiji,1975,5238.60359,65.03,575906,Oceania,OC
FJI,Fiji,1980,5586.27003,66.47,641975,Oceania,OC
FJI,Fiji,1985,6081.68925,66.11,723761,Oceania,OC
FJI,Fiji,1990,8052.19916,66.34,773316,Oceania,OC
FJI,Fiji,1995,8818.33069,66.12,798746,Oceania,OC
FJI,Fiji,2000,9351.40908,65.75,840909,Oceania,OC
FJI,Fiji,2005,10112.25152,67.11,882379,Oceania,OC
FJI,Fiji,2010,10167.34962,67.64,910419,Oceania,OC
FJI,Fiji,2015,12131.09169,68.02,918578,Oceania,OC
FJI,Fiji,2020,11254.96982,68.41,914963,Oceania,OC
FJI,Fiji,2025,14765.58232,69.21,933154,Oceania,OC
FRA,France,1950,10318.84895,67.13,41883119,Europe,EU
FRA,France,1955,11952.98717,69.33,44136090,Europe,EU
FRA,France,1960,13827.29748,71.19,46428134,Europe,EU
FRA,France,1965,16622.09477,71.83,48772830,Europe,EU
FRA,France,1970,20137.54901,72.6,50813075,Europe,EU
FRA,France,1975,22448.95491,73.34,52746325,Europe,EU
FRA,France,1980,25027.44267,74.68,53941061,Europe,EU
FRA,France,1985,30236.83998,75.77,55467150,Europe,EU
FRA,France,1990,38340.95776,77.21,56990238,Europe,EU
FRA,France,1995,40292.26927,78.19,58192203,Europe,EU
FRA,France,2000,45733.71556,79.19,59483717,Europe,EU
FRA,France,2005,48195.83192,80.56,61625032,Europe,EU
FRA,France,2010,49130.42294,81.58,63417363,Europe,EU
FRA,France,2015,50682.89536,82.52,64916336,Europe,EU
FRA,France,2020,49311.33341,82.34,65905277,Europe,EU
FRA,France,2025,56112.81238,83.77,66650804,Europe,EU
FSM,"Micronesia, Fed. Sts.",1950,1523.38267,49.89,32106,Oceania,OC
FSM,"Micronesia, Fed. Sts.",1955,1666.58319,51.37,36974,Oceania,OC
FSM,"Micronesia, Fed. Sts.",1960,1823.26239,53.01,43061,Oceania,OC
FSM,"Micronesia, Fed. Sts.",1965,1987.88005,54.86,50684,Oceania,OC
FSM,"Micronesia, Fed. Sts.",1970,2167.65556,56.59,58922,Oceania,OC
FSM,"Micronesia, Fed. Sts.",1975,3335.90852,58.28,67428,Oceania,OC
FSM,"Micronesia, Fed. Sts.",1980,2937.6096,59.74,77407,Oceania,OC
FSM,"Micronesia, Fed. Sts.",1985,3034.39324,60.56,89707,Oceania,OC
FSM,"Micronesia, Fed. Sts.",1990,3271.86668,61.29,100888,Oceania,OC
FSM,"Micronesia, Fed. Sts.",1995,3793.82835,62.03,110230,Oceania,OC
FSM,"Micronesia, Fed. Sts.",2000,3685.98012,62.58,112044,Oceania,OC
FSM,"Micronesia, Fed. Sts.",2005,3787.95304,63.77,111412,Oceania,OC
FSM,"Micronesia, Fed. Sts.",2010,3842.23613,64.04,107540,Oceania,OC
FSM,"Micronesia, Fed. Sts.",2015,3788.9341,64.05,108716,Oceania,OC
FSM,"Micronesia, Fed. Sts.",2020,3850.53053,63.77,110916,Oceania,OC
FSM,"Micronesia, Fed. Sts.",2025,3967.76263,65,113683,Oceania,OC
GAB,Gabon,1950,3882.13014,48.65,472842,Africa,AF
GAB,Gabon,1955,4471.71297,48.87,488817,Africa,AF
GAB,Gabon,1960,5135.91834,49.98,512316,Africa,AF
GAB,Gabon,1965,6634.52747,51.69,546308,Africa,AF
GAB,Gabon,1970,8419.75817,53.16,595846,Africa,AF
GAB,Gabon,1975,16430.257,55.56,662197,Africa,AF
GAB,Gabon,1980,14105.48622,58.12,748389,Africa,AF
GAB,Gabon,1985,17064.36887,59.78,856726,Africa,AF
GAB,Gabon,1990,18735.95954,60.45,983734,Africa,AF
GAB,Gabon,1995,21328.4122,60.41,1123213,Africa,AF
GAB,Gabon,2000,20439.64102,59.59,1275572,Africa,AF
GAB,Gabon,2005,20089.26663,61.11,1463495,Africa,AF
GAB,Gabon,2010,18530.57609,63.27,1719879,Africa,AF
GAB,Gabon,2015,20147.71162,66.27,2040989,Africa,AF
GAB,Gabon,2020,18681.48407,67.74,2322539,Africa,AF
GAB,Gabon,2025,19542.93836,68.68,2593130,Africa,AF
GBR,UK,1950,13846.21386,68.88,50121017,Europe,EU
GBR,UK,1955,15234.74024,70.46,51176747,Europe,EU
GBR,UK,1960,16107.12216,71.17,52538548,Europe,EU
GBR,UK,1965,17554.44654,71.65,54359020,Europe,EU
GBR,UK,1970,18739.87041,72.08,55663801,Europe,EU
GBR,UK,1975,19879.80541,72.78,56220143,Europe,EU
GBR,UK,1980,21237.59308,73.79,56282103,Europe,EU
GBR,UK,1985,26888.46795,74.81,56606414,Europe,EU
GBR,UK,1990,34496.95059,75.85,57367862,Europe,EU
GBR,UK,1995,36792.38627,76.84,58154635,Europe,EU
GBR,UK,2000,43163.51653,77.97,59057338,Europe,EU
GBR,UK,2005,47788.26355,79.33,60596108,Europe,EU
GBR,UK,2010,47013.88241,80.58,63006483,Europe,EU
GBR,UK,2015,49983.34859,81.05,65382110,Europe,EU
GBR,UK,2020,47144.72215,79.79,67351861,Europe,EU
GBR,UK,2025,53993.24847,81.93,69551332,Europe,EU
GEO,Georgia,1950,4241.64198,49.59,3497441,Europe,EU
GEO,Georgia,1950,4241.64198,49.59,3497441,Asia,AS
GEO,Georgia,1955,5235.80894,54.29,3734030,Europe,EU
GEO,Georgia,1955,5235.80894,54.29,3734030,Asia,AS
GEO,Georgia,1960,6566.7348,59.25,4053800,Europe,EU
GEO,Georgia,1960,6566.7348,59.25,4053800,Asia,AS
GEO,Georgia,1965,7780.97589,62.95,4429322,Europe,EU
GEO,Georgia,1965,7780.97589,62.95,4429322,Asia,AS
GEO,Georgia,1970,10394.2261,65.36,4804055,Europe,EU
GEO,Georgia,1970,10394.2261,65.36,4804055,Asia,AS
GEO,Georgia,1975,11620.18845,66.74,4979409,Europe,EU
GEO,Georgia,1975,11620.18845,66.74,4979409,Asia,AS
GEO,Georgia,1980,12337.08029,68.54,5165546,Europe,EU
GEO,Georgia,1980,12337.08029,68.54,5165546,Asia,AS
GEO,Georgia,1985,16003.06383,69.06,5376896,Europe,EU
GEO,Georgia,1985,16003.06383,69.06,5376896,Asia,AS
GEO,Georgia,1990,13783.49522,68.53,5448868,Europe,EU
GEO,Georgia,1990,13783.49522,68.53,5448868,Asia,AS
GEO,Georgia,1995,3968.25928,69.98,4925743,Europe,EU
GEO,Georgia,1995,3968.25928,69.98,4925743,Asia,AS
GEO,Georgia,2000,5817.64099,70.68,4328358,Europe,EU
GEO,Georgia,2000,5817.64099,70.68,4328358,Asia,AS
GEO,Georgia,2005,8531.25642,71.05,4026131,Europe,EU
GEO,Georgia,2005,8531.25642,71.05,4026131,Asia,AS
GEO,Georgia,2010,11294.36859,71.88,3895925,Europe,EU
GEO,Georgia,2010,11294.36859,71.88,3895925,Asia,AS
GEO,Georgia,2015,14936.84341,73.29,3791573,Europe,EU
GEO,Georgia,2015,14936.84341,73.29,3791573,Asia,AS
GEO,Georgia,2020,17031.14403,72.7,3795678,Europe,EU
GEO,Georgia,2020,17031.14403,72.7,3795678,Asia,AS
GEO,Georgia,2025,27204.56113,74.47,3806671,Europe,EU
GEO,Georgia,2025,27204.56113,74.47,3806671,Asia,AS
GHA,Ghana,1950,2120.77472,47.14,5080664,Africa,AF
GHA,Ghana,1955,2345.80395,48.33,5914923,Africa,AF
GHA,Ghana,1960,2663.85574,51.03,6961215,Africa,AF
GHA,Ghana,1965,2627.55885,53,7882606,Africa,AF
GHA,Ghana,1970,2668.07401,54.46,8925813,Africa,AF
GHA,Ghana,1975,2305.14723,56.27,10294308,Africa,AF
GHA,Ghana,1980,2120.07511,57.53,11941448,Africa,AF
GHA,Ghana,1985,2067.87633,58.17,13661229,Africa,AF
GHA,Ghana,1990,2624.40597,59.37,15394648,Africa,AF
GHA,Ghana,1995,2909.96893,59.89,17399017,Africa,AF
GHA,Ghana,2000,3247.06701,59.61,19637087,Africa,AF
GHA,Ghana,2005,3683.02601,60.01,22449438,Africa,AF
GHA,Ghana,2010,4495.68917,61.79,25474995,Africa,AF
GHA,Ghana,2015,5607.36636,64.22,28696068,Africa,AF
GHA,Ghana,2020,6412.68542,65.67,31887809,Africa,AF
GHA,Ghana,2025,7404.44027,67.41,35064272,Africa,AF
GIN,Guinea,1950,779.02071,38.37,3013177,Africa,AF
GIN,Guinea,1955,948.86884,39.69,3267860,Africa,AF
GIN,Guinea,1960,1159.46738,41.15,3556749,Africa,AF
GIN,Guinea,1965,1325.12115,42.75,3890716,Africa,AF
GIN,Guinea,1970,1322.36654,43.85,4277535,Africa,AF
GIN,Guinea,1975,1488.8086,45.13,4653876,Africa,AF
GIN,Guinea,1980,1596.71053,47.27,5047419,Africa,AF
GIN,Guinea,1985,1608.45858,49.57,5610373,Africa,AF
GIN,Guinea,1990,1771.44373,51.92,6434374,Africa,AF
GIN,Guinea,1995,1915.86853,53.55,7553249,Africa,AF
GIN,Guinea,2000,2188.59249,54.34,8428832,Africa,AF
GIN,Guinea,2005,2421.05132,56,9245844,Africa,AF
GIN,Guinea,2010,2594.8305,57.56,10396086,Africa,AF
GIN,Guinea,2015,2869.85157,58.49,11767070,Africa,AF
GIN,Guinea,2020,3630.99331,60.84,13371183,Africa,AF
GIN,Guinea,2025,4320.52378,62.46,15099727,Africa,AF
GMB,Gambia,1950,1372.3271,51.81,306736,Africa,AF
GMB,Gambia,1955,1535.35927,52.84,348789,Africa,AF
GMB,Gambia,1960,1706.61741,53.85,398060,Africa,AF
GMB,Gambia,1965,1945.6445,55.21,455952,Africa,AF
GMB,Gambia,1970,1975.95422,56.59,524105,Africa,AF
GMB,Gambia,1975,2098.56803,56.99,606821,Africa,AF
GMB,Gambia,1980,1846.03456,58.16,713913,Africa,AF
GMB,Gambia,1985,2196.46783,59.64,858874,Africa,AF
GMB,Gambia,1990,2401.07258,60.61,1054696,Africa,AF
GMB,Gambia,1995,2286.40783,61.37,1264313,Africa,AF
GMB,Gambia,2000,2538.65544,61.6,1455084,Africa,AF
GMB,Gambia,2005,2606.00889,62.16,1667037,Africa,AF
GMB,Gambia,2010,2824.21259,63.71,1926630,Africa,AF
GMB,Gambia,2015,2495.95742,65.36,2224529,Africa,AF
GMB,Gambia,2020,2702.3192,65.55,2515733,Africa,AF
GMB,Gambia,2025,3199.30847,68.16,2822093,Africa,AF
GNB,Guinea-Bissau,1950,647.575,33.27,543627,Africa,AF
GNB,Guinea-Bissau,1955,893.20066,35.3,564068,Africa,AF
GNB,Guinea-Bissau,1960,1176.95319,37.39,577633,Africa,AF
GNB,Guinea-Bissau,1965,1557.6652,36.8,575005,Africa,AF
GNB,Guinea-Bissau,1970,1575.7643,39.02,584403,Africa,AF
GNB,Guinea-Bissau,1975,1634.06783,43.57,650966,Africa,AF
GNB,Guinea-Bissau,1980,1394.89211,45.31,829303,Africa,AF
GNB,Guinea-Bissau,1985,1596.35078,46.53,897697,Africa,AF
GNB,Guinea-Bissau,1990,1869.81915,48.62,973669,Africa,AF
GNB,Guinea-Bissau,1995,1924.86871,50.27,1119949,Africa,AF
GNB,Guinea-Bissau,2000,1903.68346,51.47,1234741,Africa,AF
GNB,Guinea-Bissau,2005,2004.37282,52.75,1381585,Africa,AF
GNB,Guinea-Bissau,2010,2138.02686,56.2,1566347,Africa,AF
GNB,Guinea-Bissau,2015,2203.48514,58.75,1786457,Africa,AF
GNB,Guinea-Bissau,2020,2413.67908,60.07,2013255,Africa,AF
GNB,Guinea-Bissau,2025,2838.37582,62.19,2249515,Africa,AF
GNQ,Equatorial Guinea,1950,920.9797,39.25,226563,Africa,AF
GNQ,Equatorial Guinea,1955,983.5472,39.33,247215,Africa,AF
GNQ,Equatorial Guinea,1960,1100.88969,40.37,269807,Africa,AF
GNQ,Equatorial Guinea,1965,1468.31309,42.89,298238,Africa,AF
GNQ,Equatorial Guinea,1970,1365.15297,45.21,320803,Africa,AF
GNQ,Equatorial Guinea,1975,1892.68494,47.39,287901,Africa,AF
GNQ,Equatorial Guinea,1980,1616.58724,50.47,288644,Africa,AF
GNQ,Equatorial Guinea,1985,1652.00685,51.06,385547,Africa,AF
GNQ,Equatorial Guinea,1990,1528.37002,51.06,474274,Africa,AF
GNQ,Equatorial Guinea,1995,2277.44211,52.23,571264,Africa,AF
GNQ,Equatorial Guinea,2000,12428.04693,57.61,703279,Africa,AF
GNQ,Equatorial Guinea,2005,32249.49451,61.13,947367,Africa,AF
GNQ,Equatorial Guinea,2010,33668.87407,63.54,1189085,Africa,AF
GNQ,Equatorial Guinea,2015,27797.79428,64.77,1453923,Africa,AF
GNQ,Equatorial Guinea,2020,17089.153730000002,64.98,1716468,Africa,AF
GNQ,Equatorial Guinea,2025,14767.56593,67.05,1938431,Africa,AF
GRC,Greece,1950,4046.45724,69,7651079,Europe,EU
GRC,Greece,1955,5209.09933,71.5,7984711,Europe,EU
GRC,Greece,1960,6440.96328,72.43,8384492,Europe,EU
GRC,Greece,1965,9290.83149,73.01,8521363,Europe,EU
GRC,Greece,1970,12903.7381,73.82,8747776,Europe,EU
GRC,Greece,1975,15881.5749,74.63,9016967,Europe,EU
GRC,Greece,1980,18240.18704,75.3,9653414,Europe,EU
GRC,Greece,1985,21280.52509,75.86,10037037,Europe,EU
GRC,Greece,1990,25181.86487,77.23,10258487,Europe,EU
GRC,Greece,1995,26552.61526,77.75,10519235,Europe,EU
GRC,Greece,2000,30878.47385,78.44,10782635,Europe,EU
GRC,Greece,2005,37901.02852,79.43,10981334,Europe,EU
GRC,Greece,2010,37566.74837,80.4,11124670,Europe,EU
GRC,Greece,2015,31347.97657,80.92,10820903,Europe,EU
GRC,Greece,2020,30487.11293,80.6,10699369,Europe,EU
GRC,Greece,2025,39621.40673,82.07,9938844,Europe,EU
GUY,Guyana,1950,5315.22643,51.81,418038,South America,SA
GUY,Guyana,1955,4597.39236,55.05,484363,South America,SA
GUY,Guyana,1960,3975.85802,58.85,569143,South America,SA
GUY,Guyana,1965,3990.38152,60.28,635128,South America,SA
GUY,Guyana,1970,4470.82771,61.68,702705,South America,SA
GUY,Guyana,1975,5070.50176,61.22,745393,South America,SA
GUY,Guyana,1980,4716.8932,62.36,774367,South America,SA
GUY,Guyana,1985,4568.54235,62.61,771477,South America,SA
GUY,Guyana,1990,4685.76954,62.37,749894,South America,SA
GUY,Guyana,1995,6642.9817,63.1,758388,South America,SA
GUY,Guyana,2000,7728.71826,63.96,764832,South America,SA
GUY,Guyana,2005,8099.96146,64.39,760914,South America,SA
GUY,Guyana,2010,10374.39476,65.75,749256,South America,SA
GUY,Guyana,2015,12040.08253,66.41,758781,South America,SA
GUY,Guyana,2020,19234.1302,66.69,807481,South America,SA
GUY,Guyana,2025,79370.52198,68.26,835986,South America,SA
HRV,Croatia,1950,4146.40723,55,3864990,Europe,EU
HRV,Croatia,1955,5341.8298,60.23,4080735,Europe,EU
HRV,Croatia,1960,7377.48015,64.71,4200264,Europe,EU
HRV,Croatia,1965,10029.14735,67.64,4346706,Europe,EU
HRV,Croatia,1970,13303.92869,68.67,4462673,Europe,EU
HRV,Croatia,1975,17170.57877,70.58,4552730,Europe,EU
HRV,Croatia,1980,22530.01634,70.67,4643896,Europe,EU
HRV,Croatia,1985,22817.67189,71.32,4754555,Europe,EU
HRV,Croatia,1990,21461.25297,72.46,4835065,Europe,EU
HRV,Croatia,1995,16595.35979,73.01,4619360,Europe,EU
HRV,Croatia,2000,20744.13228,74.65,4326105,Europe,EU
HRV,Croatia,2005,27321.1578,75.57,4313946,Europe,EU
HRV,Croatia,2010,28704.52721,76.8,4301145,Europe,EU
HRV,Croatia,2015,29471.75209,77.72,4183729,Europe,EU
HRV,Croatia,2020,32493.62543,77.91,3953958,Europe,EU
HRV,Croatia,2025,45156.1289,79.65,3848160,Europe,EU
HUN,Hungary,1950,5062.33695,61.87,9337880,Europe,EU
HUN,Hungary,1955,6137.43383,66.64,9823207,Europe,EU
HUN,Hungary,1960,7142.42813,68.14,9983374,Europe,EU
HUN,Hungary,1965,8453.05409,69.37,10141119,Europe,EU
HUN,Hungary,1970,9438.91891,69.21,10315143,Europe,EU
HUN,Hungary,1975,11470.68766,69.43,10515652,Europe,EU
HUN,Hungary,1980,12728.63008,69.11,10695367,Europe,EU
HUN,Hungary,1985,16087.45254,68.92,10547265,Europe,EU
HUN,Hungary,1990,18794.3011,69.47,10381281,Europe,EU
HUN,Hungary,1995,17651.42471,69.95,10322788,Europe,EU
HUN,Hungary,2000,21395.97367,71.9,10190600,Europe,EU
HUN,Hungary,2005,27496.65624,73.07,10065706,Europe,EU
HUN,Hungary,2010,27801.83382,74.77,9979129,Europe,EU
HUN,Hungary,2015,31485.56754,75.9,9839211,Europe,EU
HUN,Hungary,2020,36119.52117,75.88,9749457,Europe,EU
HUN,Hungary,2025,42498.58738,77.57,9632287,Europe,EU
IDN,Indonesia,1950,1564.67574,43.2,68799025,Asia,AS
IDN,Indonesia,1955,1797.55399,45.7,77273507,Asia,AS
IDN,Indonesia,1960,1804.82933,48.63,88296070,Asia,AS
IDN,Indonesia,1965,1691.54813,51.24,101365130,Asia,AS
IDN,Indonesia,1970,1868.39696,54.09,115657495,Asia,AS
IDN,Indonesia,1975,2277.51597,56.92,131843848,Asia,AS
IDN,Indonesia,1980,2772.21041,59.71,148950540,Asia,AS
IDN,Indonesia,1985,3504.05483,62.11,166776185,Asia,AS
IDN,Indonesia,1990,5005.11544,64.05,183501098,Asia,AS
IDN,Indonesia,1995,6519.85186,66.04,199888057,Asia,AS
IDN,Indonesia,2000,6206.67205,67.24,216077790,Asia,AS
IDN,Indonesia,2005,7239.70057,68.26,230871650,Asia,AS
IDN,Indonesia,2010,8848.22474,69.34,246305322,Asia,AS
IDN,Indonesia,2015,10893.66211,70.44,261799249,Asia,AS
IDN,Indonesia,2020,12388.54493,69.65,274814866,Asia,AS
IDN,Indonesia,2025,15391.06911,72.25,285721236,Asia,AS
IND,India,1950,1196.95358,43.42,346278821,Asia,AS
IND,India,1955,1247.41922,45.84,387700887,Asia,AS
IND,India,1960,1318.57799,45.75,435990338,Asia,AS
IND,India,1965,1310.41647,45.71,490140146,Asia,AS
IND,India,1970,1418.27406,49.33,545864268,Asia,AS
IND,India,1975,1398.23066,51.59,611309535,Asia,AS
IND,India,1980,1393.44577,55.17,687354025,Asia,AS
IND,India,1985,1804.14789,57.3,772647793,Asia,AS
IND,India,1990,2356.2242,59.58,864972221,Asia,AS
IND,India,1995,2661.22006,61.74,960301044,Asia,AS
IND,India,2000,3176.02294,62.94,1057922733,Asia,AS
IND,India,2005,3925.41317,65.39,1154676322,Asia,AS
IND,India,2010,5059.28271,67.28,1243481564,Asia,AS
IND,India,2015,6488.14603,69.36,1328024498,Asia,AS
IND,India,2020,7399.53068,70.01,1402617695,Asia,AS
IND,India,2025,10607.6231,72.4,1463865525,Asia,AS
IRL,Ireland,1950,7202.27389,65.96,2912654,Europe,EU
IRL,Ireland,1955,8083.39723,68.52,2899538,Europe,EU
IRL,Ireland,1960,8656.34681,70.12,2827689,Europe,EU
IRL,Ireland,1965,10155.57393,70.75,2873153,Europe,EU
IRL,Ireland,1970,12299.18066,71.23,2961403,Europe,EU
IRL,Ireland,1975,14335.60563,71.74,3180119,Europe,EU
IRL,Ireland,1980,16463.18209,72.69,3415240,Europe,EU
IRL,Ireland,1985,20312.53712,73.8,3531271,Europe,EU
IRL,Ireland,1990,28251.92424,74.98,3514018,Europe,EU
IRL,Ireland,1995,35306.3914,75.74,3610697,Europe,EU
IRL,Ireland,2000,53465.98999,76.77,3802585,Europe,EU
IRL,Ireland,2005,63909.85596,79.1,4155284,Europe,EU
IRL,Ireland,2010,59285.80833,80.78,4559080,Europe,EU
IRL,Ireland,2015,81053.35278,81.65,4702487,Europe,EU
IRL,Ireland,2020,101970.8126,82.23,4982606,Europe,EU
IRL,Ireland,2025,119406.2256,82.94,5308039,Europe,EU
IRN,Iran,1950,3907.13389,39.43,16510553,Asia,AS
IRN,Iran,1955,3528.09934,41.21,18700802,Asia,AS
IRN,Iran,1960,5429.68782,44.48,21470434,Asia,AS
IRN,Iran,1965,7279.74175,48.71,25036978,Asia,AS
IRN,Iran,1970,8908.39104,54.51,29145100,Asia,AS
IRN,Iran,1975,11965.61209,61.47,33802973,Asia,AS
IRN,Iran,1980,7399.29741,64.7,39842324,Asia,AS
IRN,Iran,1985,8863.40342,66.31,49582289,Asia,AS
IRN,Iran,1990,8576.4415,66.68,58380092,Asia,AS
IRN,Iran,1995,9732.6873,70.37,62205567,Asia,AS
IRN,Iran,2000,11078.79502,71.94,66418659,Asia,AS
IRN,Iran,2005,13332.7353,73.55,71828455,Asia,AS
IRN,Iran,2010,14737.15585,75.45,77420842,Asia,AS
IRN,Iran,2015,13905.19212,76.69,82619362,Asia,AS
IRN,Iran,2020,14397.15357,76.46,87723443,Asia,AS
IRN,Iran,2025,16539.72286,79.07,92417681,Asia,AS
IRQ,Iraq,1950,2916.24002,56.05,5653350,Asia,AS
IRQ,Iraq,1955,4924.57792,58.52,6366279,Asia,AS
IRQ,Iraq,1960,5874.71704,60.49,7022052,Asia,AS
IRQ,Iraq,1965,7077.55076,61.13,8202140,Asia,AS
IRQ,Iraq,1970,7492.61269,62.78,9735611,Asia,AS
IRQ,Iraq,1975,9485.59851,64.23,11543639,Asia,AS
IRQ,Iraq,1980,14456.32153,64.51,13591992,Asia,AS
IRQ,Iraq,1985,9332.61891,62.73,15683430,Asia,AS
IRQ,Iraq,1990,8742.39254,67,17581206,Asia,AS
IRQ,Iraq,1995,5022.98673,67.16,20825860,Asia,AS
IRQ,Iraq,2000,11077.40844,68.64,24424056,Asia,AS
IRQ,Iraq,2005,9965.0217,67.68,28407448,Asia,AS
IRQ,Iraq,2010,11816.84102,70.63,31045366,Asia,AS
IRQ,Iraq,2015,13516.0272,70.74,37560535,Asia,AS
IRQ,Iraq,2020,12827.63454,70.75,42116605,Asia,AS
IRQ,Iraq,2025,12554.13117,73.98,47020774,Asia,AS
ISL,Iceland,1950,10754.69156,71.5,142667,Europe,EU
ISL,Iceland,1955,12506.75254,72.71,157746,Europe,EU
ISL,Iceland,1960,13177.58705,73.38,175560,Europe,EU
ISL,Iceland,1965,16518.42322,73.72,192333,Europe,EU
ISL,Iceland,1970,16924.38097,73.93,204478,Europe,EU
ISL,Iceland,1975,21066.28399,75.67,218028,Europe,EU
ISL,Iceland,1980,26581.9991,76.49,228144,Europe,EU
ISL,Iceland,1985,32291.65491,77.26,241402,Europe,EU
ISL,Iceland,1990,39620.7749,78.11,254833,Europe,EU
ISL,Iceland,1995,38208.27994,78.38,267510,Europe,EU
ISL,Iceland,2000,47246.03444,80.35,281280,Europe,EU
ISL,Iceland,2005,54980.31234,81.61,296834,Europe,EU
ISL,Iceland,2010,54588.97093,82.64,318158,Europe,EU
ISL,Iceland,2015,59978.33157,83.73,330952,Europe,EU
ISL,Iceland,2020,59627.24234,84.25,366614,Europe,EU
ISL,Iceland,2025,67443.7438,84.92,398266,Europe,EU
ISR,Israel,1950,5679.95137,73.01,1289236,Asia,AS
ISR,Israel,1955,7268.585,70.25,1599497,Asia,AS
ISR,Israel,1960,8927.17992,71.82,1891935,Asia,AS
ISR,Israel,1965,11276.94607,71.68,2331451,Asia,AS
ISR,Israel,1970,14146.99493,71.7,2864778,Asia,AS
ISR,Israel,1975,17008.38334,72.4,3318089,Asia,AS
ISR,Israel,1980,17286.29207,74.16,3721665,Asia,AS
ISR,Israel,1985,21034.0956,75.58,4105359,Asia,AS
ISR,Israel,1990,26020.57897,77.31,4544999,Asia,AS
ISR,Israel,1995,29837.22004,77.8,5354739,Asia,AS
ISR,Israel,2000,33488.81062,78.87,6111190,Asia,AS
ISR,Israel,2005,33568.67104,80.27,6728206,Asia,AS
ISR,Israel,2010,37722.40999,81.93,7336735,Asia,AS
ISR,Israel,2015,40967.37076,82.74,8052908,Asia,AS
ISR,Israel,2020,42915.94169,82.55,8800376,Asia,AS
ISR,Israel,2025,49539.47269,83.86,9517181,Asia,AS
ITA,Italy,1950,7150.02462,65.9,46391673,Europe,EU
ITA,Italy,1955,9263.93065,68.43,48130818,Europe,EU
ITA,Italy,1960,11440.25145,69.86,49514555,Europe,EU
ITA,Italy,1965,14180.81711,70.87,51480728,Europe,EU
ITA,Italy,1970,18366.15499,71.81,53390236,Europe,EU
ITA,Italy,1975,20134.06953,72.86,55166045,Europe,EU
ITA,Italy,1980,24145.84157,74.2,56412084,Europe,EU
ITA,Italy,1985,30887.46672,75.79,56855501,Europe,EU
ITA,Italy,1990,40221.91788,77.16,57031454,Europe,EU
ITA,Italy,1995,43778.58017,78.22,57403344,Europe,EU
ITA,Italy,2000,49342.92612,79.64,57272196,Europe,EU
ITA,Italy,2005,51210.1026,80.99,58519693,Europe,EU
ITA,Italy,2010,49301.69591,82.08,60164213,Europe,EU
ITA,Italy,2015,47311.82553,82.74,60575316,Europe,EU
ITA,Italy,2020,45505.06887,81.95,59912769,Europe,EU
ITA,Italy,2025,54773.81941,84.04,59146260,Europe,EU
JOR,Jordan,1950,3491.04275,56.87,438802,Asia,AS
JOR,Jordan,1955,3296.53786,57.53,625567,Asia,AS
JOR,Jordan,1960,4843.04962,59.4,853471,Asia,AS
JOR,Jordan,1965,6478.79478,61.36,1099440,Asia,AS
JOR,Jordan,1970,4872.83698,63.02,1565163,Asia,AS
JOR,Jordan,1975,4556.82386,65.43,1899055,Asia,AS
JOR,Jordan,1980,7488.17011,67.12,2234186,Asia,AS
JOR,Jordan,1985,8951.25792,69.13,2778810,Asia,AS
JOR,Jordan,1990,7724.41779,71.23,3621908,Asia,AS
JOR,Jordan,1995,8071.73937,71.78,4752096,Asia,AS
JOR,Jordan,2000,8357.11725,72.89,5386945,Asia,AS
JOR,Jordan,2005,10046.66254,74.1,6029587,Asia,AS
JOR,Jordan,2010,10953.53763,76.92,7297043,Asia,AS
JOR,Jordan,2015,9581.68923,78.15,9544729,Asia,AS
JOR,Jordan,2020,9022.6393,77.35,10865228,Asia,AS
JOR,Jordan,2025,9977.12098,79.2,11520684,Asia,AS
JPN,Japan,1950,3800.88778,59.75,86443277,Asia,AS
JPN,Japan,1955,5227.44958,66.12,92425478,Asia,AS
JPN,Japan,1960,7244.5024,68.31,96399754,Asia,AS
JPN,Japan,1965,10338.50823,70.86,100916019,Asia,AS
JPN,Japan,1970,16115.85247,72.65,106712368,Asia,AS
JPN,Japan,1975,18036.67411,74.77,113321196,Asia,AS
JPN,Japan,1980,20465.71501,76.57,118358756,Asia,AS
JPN,Japan,1985,27037.97463,78.16,120832163,Asia,AS
JPN,Japan,1990,36561.82247,79.41,123399765,Asia,AS
JPN,Japan,1995,38489.46041,80.24,125672665,Asia,AS
JPN,Japan,2000,39728.19279,81.57,127027789,Asia,AS
JPN,Japan,2005,41444.59908,82.5,127913330,Asia,AS
JPN,Japan,2010,40881.79724,83.34,128185275,Asia,AS
JPN,Japan,2015,43386.71007,84.35,127275872,Asia,AS
JPN,Japan,2020,42992.47964,85.07,126304543,Asia,AS
JPN,Japan,2025,47815.39888,85.58,123103479,Asia,AS
KAZ,Kazakhstan,1950,7342.11195,57.39,6787149,Europe,EU
KAZ,Kazakhstan,1950,7342.11195,57.39,6787149,Asia,AS
KAZ,Kazakhstan,1955,8635.99813,59.29,7993631,Europe,EU
KAZ,Kazakhstan,1955,8635.99813,59.29,7993631,Asia,AS
KAZ,Kazakhstan,1960,10375.2474,61.38,9429981,Europe,EU
KAZ,Kazakhstan,1960,10375.2474,61.38,9429981,Asia,AS
KAZ,Kazakhstan,1965,12333.06572,63.36,10993183,Europe,EU
KAZ,Kazakhstan,1965,12333.06572,63.36,10993183,Asia,AS
KAZ,Kazakhstan,1970,15160.26024,64.82,12419057,Europe,EU
KAZ,Kazakhstan,1970,15160.26024,64.82,12419057,Asia,AS
KAZ,Kazakhstan,1975,16614.54741,65.7,13700843,Europe,EU
KAZ,Kazakhstan,1975,16614.54741,65.7,13700843,Asia,AS
KAZ,Kazakhstan,1980,16433.70897,66.89,15152949,Europe,EU
KAZ,Kazakhstan,1980,16433.70897,66.89,15152949,Asia,AS
KAZ,Kazakhstan,1985,16011.9355,67.65,16031090,Europe,EU
KAZ,Kazakhstan,1985,16011.9355,67.65,16031090,Asia,AS
KAZ,Kazakhstan,1990,16557.069,68.09,17154054,Europe,EU
KAZ,Kazakhstan,1990,16557.069,68.09,17154054,Asia,AS
KAZ,Kazakhstan,1995,10523.87527,64.03,16730536,Europe,EU
KAZ,Kazakhstan,1995,10523.87527,64.03,16730536,Asia,AS
KAZ,Kazakhstan,2000,12862.60587,64.7,15501103,Europe,EU
KAZ,Kazakhstan,2000,12862.60587,64.7,15501103,Asia,AS
KAZ,Kazakhstan,2005,20549.64174,64.59,15968117,Europe,EU
KAZ,Kazakhstan,2005,20549.64174,64.59,15968117,Asia,AS
KAZ,Kazakhstan,2010,26374.84077,67.62,16836810,Europe,EU
KAZ,Kazakhstan,2010,26374.84077,67.62,16836810,Asia,AS
KAZ,Kazakhstan,2015,30893.75949,70.64,18084169,Europe,EU
KAZ,Kazakhstan,2015,30893.75949,70.64,18084169,Asia,AS
KAZ,Kazakhstan,2020,32011.54915,70.39,19482117,Europe,EU
KAZ,Kazakhstan,2020,32011.54915,70.39,19482117,Asia,AS
KAZ,Kazakhstan,2025,38237.52103,72.65,20843754,Europe,EU
KAZ,Kazakhstan,2025,38237.52103,72.65,20843754,Asia,AS
KEN,Kenya,1950,1463.65487,48.76,5769185,Africa,AF
KEN,Kenya,1955,1642.5826,50.93,6529297,Africa,AF
KEN,Kenya,1960,1694.64041,54.29,7695307,Africa,AF
KEN,Kenya,1965,1780.97206,56.31,9338078,Africa,AF
KEN,Kenya,1970,2051.9858,58.15,11368791,Africa,AF
KEN,Kenya,1975,2125.8605,60.24,13511671,Africa,AF
KEN,Kenya,1980,2398.15799,62.21,16018459,Africa,AF
KEN,Kenya,1985,2784.54056,63.39,19201768,Africa,AF
KEN,Kenya,1990,3555.92601,62.12,22892651,Africa,AF
KEN,Kenya,1995,3504.63937,57.04,26601751,Africa,AF
KEN,Kenya,2000,3555.83431,54.83,30642890,Africa,AF
KEN,Kenya,2005,3766.38292,56.51,35796484,Africa,AF
KEN,Kenya,2010,4211.52463,61.18,41598567,Africa,AF
KEN,Kenya,2015,4679.62183,64.42,47088526,Africa,AF
KEN,Kenya,2020,5057.40115,66.23,52217334,Africa,AF
KEN,Kenya,2025,6158.76678,67.98,57532493,Africa,AF
KGZ,Kyrgyz Republic,1950,4122.79822,49.95,1751139,Asia,AS
KGZ,Kyrgyz Republic,1955,4790.05607,52.91,1944403,Asia,AS
KGZ,Kyrgyz Republic,1960,5555.04428,55.77,2215508,Asia,AS
KGZ,Kyrgyz Republic,1965,6155.0483,58.28,2615057,Asia,AS
KGZ,Kyrgyz Republic,1970,6798.12239,60.37,3025142,Asia,AS
KGZ,Kyrgyz Republic,1975,7041.98025,62.17,3381363,Asia,AS
KGZ,Kyrgyz Republic,1980,6849.85288,64.25,3729374,Asia,AS
KGZ,Kyrgyz Republic,1985,6471.15557,66.18,4102391,Asia,AS
KGZ,Kyrgyz Republic,1990,6508.76799,67.25,4459543,Asia,AS
KGZ,Kyrgyz Republic,1995,3118.39356,65.56,4713635,Asia,AS
KGZ,Kyrgyz Republic,2000,3730.63998,67.23,5025145,Asia,AS
KGZ,Kyrgyz Republic,2005,4196.50495,67.37,5246332,Asia,AS
KGZ,Kyrgyz Republic,2010,4876.47965,69.62,5491761,Asia,AS
KGZ,Kyrgyz Republic,2015,5600.21433,71.9,6001882,Asia,AS
KGZ,Kyrgyz Republic,2020,5537.79547,71.77,6664140,Asia,AS
KGZ,Kyrgyz Republic,2025,7567.34334,74.36,7295034,Asia,AS
KHM,Cambodia,1950,1187.50602,46.2,4375257,Asia,AS
KHM,Cambodia,1955,1374.29022,47.5,4890372,Asia,AS
KHM,Cambodia,1960,1915.60514,49.41,5449966,Asia,AS
KHM,Cambodia,1965,2109.40583,51.3,6072289,Asia,AS
KHM,Cambodia,1970,2137.11796,44.47,6639182,Asia,AS
KHM,Cambodia,1975,1733.01643,24.66,6581371,Asia,AS
KHM,Cambodia,1980,1849.6143,52.17,5199872,Asia,AS
KHM,Cambodia,1985,1960.52829,54.47,6043783,Asia,AS
KHM,Cambodia,1990,2398.05802,57.81,7374752,Asia,AS
KHM,Cambodia,1995,1723.22113,58.96,10018497,Asia,AS
KHM,Cambodia,2000,1961.44747,60.36,12462336,Asia,AS
KHM,Cambodia,2005,2787.71365,63.68,13439202,Asia,AS
KHM,Cambodia,2010,3711.53751,66.87,14500726,Asia,AS
KHM,Cambodia,2015,4968.57277,68.88,15623251,Asia,AS
KHM,Cambodia,2020,6128.78244,69.63,16725474,Asia,AS
KHM,Cambodia,2025,7412.02083,71.02,17847982,Asia,AS
KIR,Kiribati,1950,2528.6677,44.68,37846,Oceania,OC
KIR,Kiribati,1955,2877.58376,46.33,42041,Oceania,OC
KIR,Kiribati,1960,3272.90986,48.22,47157,Oceania,OC
KIR,Kiribati,1965,3716.16398,50.02,53439,Oceania,OC
KIR,Kiribati,1970,4215.78363,51.72,57510,Oceania,OC
KIR,Kiribati,1975,7613.31351,54.04,60987,Oceania,OC
KIR,Kiribati,1980,2300.78324,54.77,61148,Oceania,OC
KIR,Kiribati,1985,2260.71261,54.37,66496,Oceania,OC
KIR,Kiribati,1990,2316.69618,54.57,74855,Oceania,OC
KIR,Kiribati,1995,2499.6104,55.32,81234,Oceania,OC
KIR,Kiribati,2000,2505.66286,56.43,88613,Oceania,OC
KIR,Kiribati,2005,2212.14122,57.72,98035,Oceania,OC
KIR,Kiribati,2010,2119.64018,58.84,108704,Oceania,OC
KIR,Kiribati,2015,2615.84119,59.91,116815,Oceania,OC
KIR,Kiribati,2020,2834.68581,60.86,126099,Oceania,OC
KIR,Kiribati,2025,3420.85689,61.66,136488,Oceania,OC
KOR,South Korea,1950,1239.5945,39.53,19757321,Asia,AS
KOR,South Korea,1955,1693.30884,55.9,22125103,Asia,AS
KOR,South Korea,1960,1762.64108,59.11,26115379,Asia,AS
KOR,South Korea,1965,2028.542,61.36,29284338,Asia,AS
KOR,South Korea,1970,2906.42118,63.57,32542197,Asia,AS
KOR,South Korea,1975,4041.4232,65.73,35875743,Asia,AS
KOR,South Korea,1980,5359.56758,67.33,38141107,Asia,AS
KOR,South Korea,1985,8816.33771,69.87,41148963,Asia,AS
KOR,South Korea,1990,15042.97471,72.13,44081427,Asia,AS
KOR,South Korea,1995,20914.21995,74.34,45368425,Asia,AS
KOR,South Korea,2000,25861.5996,76.34,46766661,Asia,AS
KOR,South Korea,2005,31672.64627,78.78,47851644,Asia,AS
KOR,South Korea,2010,37610.97291,80.82,48769332,Asia,AS
KOR,South Korea,2015,42459.90289,82.61,50983912,Asia,AS
KOR,South Korea,2020,46361.59578,82.87,51858482,Asia,AS
KOR,South Korea,2025,54667.24252,83.63,51667029,Asia,AS
KWT,Kuwait,1950,7174.22868,65.35,153958,Asia,AS
KWT,Kuwait,1955,20941.21802,66.12,186114,Asia,AS
KWT,Kuwait,1960,38862.0991,69.24,311060,Asia,AS
KWT,Kuwait,1965,72210.40147,69.66,521174,Asia,AS
KWT,Kuwait,1970,100688.818,70.55,809114,Asia,AS
KWT,Kuwait,1975,63279.25611,70.55,1104863,Asia,AS
KWT,Kuwait,1980,50509.62239,72.53,1504782,Asia,AS
KWT,Kuwait,1985,33364.07627,75.22,1894242,Asia,AS
KWT,Kuwait,1990,28477.12306,74.92,1684819,Asia,AS
KWT,Kuwait,1995,56907.2168,78.33,1681513,Asia,AS
KWT,Kuwait,2000,58580.26386,78.07,1954709,Asia,AS
KWT,Kuwait,2005,78600.30407,78.71,2236788,Asia,AS
KWT,Kuwait,2010,62956.21532,80.09,2943372,Asia,AS
KWT,Kuwait,2015,57763.51744,81.51,3834454,Asia,AS
KWT,Kuwait,2020,49372.57295,78.64,4400144,Asia,AS
KWT,Kuwait,2025,46572.35764,82.62,5026078,Asia,AS
LAO,Lao,1950,894.09847,38.87,1684550,Asia,AS
LAO,Lao,1955,927.83709,40.04,1893213,Asia,AS
LAO,Lao,1960,950.01954,40.22,2121514,Asia,AS
LAO,Lao,1965,978.1962,40.9,2376200,Asia,AS
LAO,Lao,1970,1006.0572,42.39,2669702,Asia,AS
LAO,Lao,1975,1146.4464,45.52,3005521,Asia,AS
LAO,Lao,1980,1166.83153,47.34,3292573,Asia,AS
LAO,Lao,1985,1734.01799,50.4,3739985,Asia,AS
LAO,Lao,1990,1997.54628,52.89,4311955,Asia,AS
LAO,Lao,1995,2376.23618,55.59,4929409,Asia,AS
LAO,Lao,2000,2916.10923,58.39,5431212,Asia,AS
LAO,Lao,2005,3651.7154,61.68,5869523,Asia,AS
LAO,Lao,2010,4946.10564,64.92,6334194,Asia,AS
LAO,Lao,2015,6703.74124,67.64,6801645,Asia,AS
LAO,Lao,2020,7995.59502,69.33,7346533,Asia,AS
LAO,Lao,2025,8943.6912,70.65,7873046,Asia,AS
LBN,Lebanon,1950,5295.81817,58.82,1349350,Asia,AS
LBN,Lebanon,1955,9702.8898,62.08,1554068,Asia,AS
LBN,Lebanon,1960,8141.30549,64.87,1794406,Asia,AS
LBN,Lebanon,1965,9316.46947,66.56,2088831,Asia,AS
LBN,Lebanon,1970,10162.90176,67.59,2386114,Asia,AS
LBN,Lebanon,1975,8367.6399,62.04,2693191,Asia,AS
LBN,Lebanon,1980,7076.24517,69.41,2944763,Asia,AS
LBN,Lebanon,1985,10894.6093,65.13,3217376,Asia,AS
LBN,Lebanon,1990,4962.6449,69.92,3595175,Asia,AS
LBN,Lebanon,1995,10137.14874,73.15,3960735,Asia,AS
LBN,Lebanon,2000,11315.07118,74.82,4329340,Asia,AS
LBN,Lebanon,2005,13041.6867,75.44,4671102,Asia,AS
LBN,Lebanon,2010,17390.7584,75.62,5041288,Asia,AS
LBN,Lebanon,2015,14980.02052,75.93,6472469,Asia,AS
LBN,Lebanon,2020,12507.43664,75.26,5702398,Asia,AS
LBN,Lebanon,2025,10819.79651,77.43,5849421,Asia,AS
LBR,Liberia,1950,1858.86353,38.02,918902,Africa,AF
LBR,Liberia,1955,2599.74273,39.47,1016390,Africa,AF
LBR,Liberia,1960,3635.91093,40.83,1139522,Africa,AF
LBR,Liberia,1965,4507.02313,42.66,1291156,Africa,AF
LBR,Liberia,1970,5369.04372,45.29,1466676,Africa,AF
LBR,Liberia,1975,5155.98894,48.11,1670913,Africa,AF
LBR,Liberia,1980,4829.9718,50.26,1929253,Africa,AF
LBR,Liberia,1985,3765.16398,52.2,2240539,Africa,AF
LBR,Liberia,1990,1970.51446,49.14,2223667,Africa,AF
LBR,Liberia,1995,528.23223,50.28,2169162,Africa,AF
LBR,Liberia,2000,1773.49234,54.84,2928117,Africa,AF
LBR,Liberia,2005,1309.06143,59.22,3301015,Africa,AF
LBR,Liberia,2010,1538.85083,61.94,4058890,Africa,AF
LBR,Liberia,2015,1714.09048,62.53,4659431,Africa,AF
LBR,Liberia,2020,1497.37692,65.94,5149463,Africa,AF
LBR,Liberia,2025,1751.85031,67.61,5731206,Africa,AF
LBY,Libya,1950,2292.79003,47.31,1131460,Africa,AF
LBY,Libya,1955,2477.08763,49.35,1241377,Africa,AF
LBY,Libya,1960,3308.46065,52.82,1492890,Africa,AF
LBY,Libya,1965,8471.03186,58.52,1804015,Africa,AF
LBY,Libya,1970,12522.89915,64.58,2082589,Africa,AF
LBY,Libya,1975,13847.06783,67.73,2571556,Africa,AF
LBY,Libya,1980,18679.1404,69.81,3424378,Africa,AF
LBY,Libya,1985,14816.48596,71.35,3898745,Africa,AF
LBY,Libya,1990,13562.45979,72.61,4445239,Africa,AF
LBY,Libya,1995,15401.70596,74.62,4906843,Africa,AF
LBY,Libya,2000,16980.38363,74.91,5305021,Africa,AF
LBY,Libya,2005,20743.89301,76.75,5858798,Africa,AF
LBY,Libya,2010,21109.96793,76.2,6497839,Africa,AF
LBY,Libya,2015,12192.13862,74.6,6531819,Africa,AF
LBY,Libya,2020,9976.0374,75.94,7045399,Africa,AF
LBY,Libya,2025,14636.39331,77.15,7458555,Africa,AF
LKA,Sri Lanka,1950,2386.6363,56.3,7811047,Asia,AS
LKA,Sri Lanka,1955,2405.16372,60.24,8623331,Asia,AS
LKA,Sri Lanka,1960,2172.89477,64.02,9661389,Asia,AS
LKA,Sri Lanka,1965,2179.64751,64.47,10916965,Asia,AS
LKA,Sri Lanka,1970,2472.25769,66.07,12287110,Asia,AS
LKA,Sri Lanka,1975,2447.68131,64.35,13548984,Asia,AS
LKA,Sri Lanka,1980,2831.68592,69.32,14847974,Asia,AS
LKA,Sri Lanka,1985,3863.14653,69.26,15544154,Asia,AS
LKA,Sri Lanka,1990,4725.14235,69.6,16352458,Asia,AS
LKA,Sri Lanka,1995,5677.24265,70.89,17564068,Asia,AS
LKA,Sri Lanka,2000,6608.71259,71.49,19293054,Asia,AS
LKA,Sri Lanka,2005,7533.6151,73.35,20216524,Asia,AS
LKA,Sri Lanka,2010,9832.18622,74.05,20879089,Asia,AS
LKA,Sri Lanka,2015,13329.77934,76.44,21729971,Asia,AS
LKA,Sri Lanka,2020,13886.65137,77.69,22561807,Asia,AS
LKA,Sri Lanka,2025,14379.8147,78.51,23229470,Asia,AS
LSO,Lesotho,1950,726.97523,51.97,579551,Africa,AF
LSO,Lesotho,1955,769.39751,52.62,642188,Africa,AF
LSO,Lesotho,1960,808.06084,53.28,736500,Africa,AF
LSO,Lesotho,1965,973.91647,53.58,854090,Africa,AF
LSO,Lesotho,1970,932.72681,54.61,1019273,Africa,AF
LSO,Lesotho,1975,1024.04155,56.2,1213643,Africa,AF
LSO,Lesotho,1980,1181.69751,58.48,1406521,Africa,AF
LSO,Lesotho,1985,1391.09114,60,1624379,Africa,AF
LSO,Lesotho,1990,1673.41253,60.63,1809696,Africa,AF
LSO,Lesotho,1995,1858.31787,57.15,1951437,Africa,AF
LSO,Lesotho,2000,2018.82258,48.47,2003913,Africa,AF
LSO,Lesotho,2005,2302.38253,43.88,1953076,Africa,AF
LSO,Lesotho,2010,2651.37805,48.12,1996251,Africa,AF
LSO,Lesotho,2015,2986.95867,48.47,2104611,Africa,AF
LSO,Lesotho,2020,2517.11042,52.27,2235727,Africa,AF
LSO,Lesotho,2025,2716.15309,52.82,2363325,Africa,AF
LTU,Lithuania,1950,8187.61696,67.13,2432995,Europe,EU
LTU,Lithuania,1955,9392.7416,67.54,2575311,Europe,EU
LTU,Lithuania,1960,11000.85548,69.91,2769095,Europe,EU
LTU,Lithuania,1965,12968.55394,71.99,2965262,Europe,EU
LTU,Lithuania,1970,15646.80028,71.26,3135872,Europe,EU
LTU,Lithuania,1975,17326.86656,71.12,3295733,Europe,EU
LTU,Lithuania,1980,18109.18927,70.58,3428419,Europe,EU
LTU,Lithuania,1985,19044.71571,70.86,3562389,Europe,EU
LTU,Lithuania,1990,19949.09441,71.39,3695012,Europe,EU
LTU,Lithuania,1995,11923.94361,69.03,3627038,Europe,EU
LTU,Lithuania,2000,15572.75456,72.24,3500402,Europe,EU
LTU,Lithuania,2005,23794.49118,71.25,3322263,Europe,EU
LTU,Lithuania,2010,26887.49131,73.21,3097720,Europe,EU
LTU,Lithuania,2015,35251.29869,74.65,2905764,Europe,EU
LTU,Lithuania,2020,43091.79737,75.09,2795765,Europe,EU
LTU,Lithuania,2025,49761.39795,77.19,2830144,Europe,EU
LUX,Luxembourg,1950,17953.4896,66.37,296570,Europe,EU
LUX,Luxembourg,1955,18628.88675,67.48,305312,Europe,EU
LUX,Luxembourg,1960,21338.36165,68.94,313877,Europe,EU
LUX,Luxembourg,1965,24154.01342,69.62,329702,Europe,EU
LUX,Luxembourg,1970,28100.0527,70.15,339332,Europe,EU
LUX,Luxembourg,1975,30949.99084,71.15,353680,Europe,EU
LUX,Luxembourg,1980,33965.56228,72.63,363705,Europe,EU
LUX,Luxembourg,1985,45501.55151,73.88,366661,Europe,EU
LUX,Luxembourg,1990,70450.73731,75.25,381700,Europe,EU
LUX,Luxembourg,1995,82523.00094,76.64,408227,Europe,EU
LUX,Luxembourg,2000,105744.8971,78.01,436132,Europe,EU
LUX,Luxembourg,2005,119947.1266,79.55,465363,Europe,EU
LUX,Luxembourg,2010,131432.0596,81.02,507410,Europe,EU
LUX,Luxembourg,2015,130097.2562,82.34,569536,Europe,EU
LUX,Luxembourg,2020,129865.63,82.2,630597,Europe,EU
LUX,Luxembourg,2025,131037.5237,83.82,680453,Europe,EU
LVA,Latvia,1950,6155.93827,68.37,1918720,Europe,EU
LVA,Latvia,1955,7381.40277,69.29,2000462,Europe,EU
LVA,Latvia,1960,9022.76433,70.35,2131171,Europe,EU
LVA,Latvia,1965,11019.02301,71.4,2252762,Europe,EU
LVA,Latvia,1970,13766.3362,70.46,2357559,Europe,EU
LVA,Latvia,1975,15624.87597,69.47,2455771,Europe,EU
LVA,Latvia,1980,16488.69008,69.23,2511759,Europe,EU
LVA,Latvia,1985,16902.33881,69.93,2579231,Europe,EU
LVA,Latvia,1990,18469.45244,69.84,2660131,Europe,EU
LVA,Latvia,1995,10898.90733,66.69,2485949,Europe,EU
LVA,Latvia,2000,14631.5001,70.65,2368313,Europe,EU
LVA,Latvia,2005,23183.29827,70.93,2239784,Europe,EU
LVA,Latvia,2010,24119.73078,73.26,2097831,Europe,EU
LVA,Latvia,2015,30599.61331,75.08,1977867,Europe,EU
LVA,Latvia,2020,34225.8976,75.78,1901123,Europe,EU
LVA,Latvia,2025,40852.07026,76.67,1853559,Europe,EU
MAR,Morocco,1950,2722.02033,44.6,8935450,Africa,AF
MAR,Morocco,1955,2546.04828,45.84,10158129,Africa,AF
MAR,Morocco,1960,2188.45529,46.67,11624933,Africa,AF
MAR,Morocco,1965,2437.59664,51.02,13239171,Africa,AF
MAR,Morocco,1970,2649.25657,54.28,15129449,Africa,AF
MAR,Morocco,1975,2888.1817,57.11,17150786,Africa,AF
MAR,Morocco,1980,3317.33688,60.62,19459943,Africa,AF
MAR,Morocco,1985,3886.80894,64.41,22113953,Africa,AF
MAR,Morocco,1990,4707.6158,66.69,24375551,Africa,AF
MAR,Morocco,1995,4661.20989,67.69,26399429,Africa,AF
MAR,Morocco,2000,5262.19116,69.51,28423435,Africa,AF
MAR,Morocco,2005,6201.10325,70.81,30358144,Africa,AF
MAR,Morocco,2010,7210.63672,71.86,32467016,Africa,AF
MAR,Morocco,2015,8198.80859,72.55,34607588,Africa,AF
MAR,Morocco,2020,8054.56299,73,36584208,Africa,AF
MAR,Morocco,2025,9582.50716,74.71,38430770,Africa,AF
MCO,Monaco,1950,18325.61443,68.15,19666,Europe,EU
MCO,Monaco,1955,25293.10145,69.31,20575,Europe,EU
MCO,Monaco,1960,34904.26718,70.9,21808,Europe,EU
MCO,Monaco,1965,48160.51026,72.08,22941,Europe,EU
MCO,Monaco,1970,66449.31625,73.62,24229,Europe,EU
MCO,Monaco,1975,86547.89318,74.99,25500,Europe,EU
MCO,Monaco,1980,111555.3857,75.97,27122,Europe,EU
MCO,Monaco,1985,130554.6457,77.04,28731,Europe,EU
MCO,Monaco,1990,166038.445,78.11,30358,Europe,EU
MCO,Monaco,1995,190296.1471,78.57,31609,Europe,EU
MCO,Monaco,2000,238547.0417,78.84,32455,Europe,EU
MCO,Monaco,2005,278689.2909,78.98,32210,Europe,EU
MCO,Monaco,2010,317914.6823,79.16,33163,Europe,EU
MCO,Monaco,2015,345111.166,79.55,36757,Europe,EU
MCO,Monaco,2020,332201.78,80.06,38050,Europe,EU
MCO,Monaco,2025,475911.3352,80.72,38341,Europe,EU
MDA,Moldova,1950,4895.38593,53.39,2528360,Europe,EU
MDA,Moldova,1955,5798.65889,55.99,2775557,Europe,EU
MDA,Moldova,1960,7014.93299,58.42,3076166,Europe,EU
MDA,Moldova,1965,8693.98111,60.77,3385972,Europe,EU
MDA,Moldova,1970,11140.80947,62.87,3643517,Europe,EU
MDA,Moldova,1975,12783.16853,64.05,3836946,Europe,EU
MDA,Moldova,1980,13523.48091,65.79,4048713,Europe,EU
MDA,Moldova,1985,14192.78652,66.32,4261131,Europe,EU
MDA,Moldova,1990,15057.0714,68.27,4451148,Europe,EU
MDA,Moldova,1995,6025.91653,66.03,4414211,Europe,EU
MDA,Moldova,2000,5439.47218,68.86,4234967,Europe,EU
MDA,Moldova,2005,7928.45439,68.9,3988669,Europe,EU
MDA,Moldova,2010,9649.95099,69.95,3631992,Europe,EU
MDA,Moldova,2015,11691.07975,72.08,3287164,Europe,EU
MDA,Moldova,2020,13559.26002,73.52,3069131,Europe,EU
MDA,Moldova,2025,17488.86301,75.22,2996106,Europe,EU
MDG,Madagascar,1950,1929.73698,41.29,3956073,Africa,AF
MDG,Madagascar,1955,2084.09709,42.5,4490113,Africa,AF
MDG,Madagascar,1960,2175.46019,44.83,5111029,Africa,AF
MDG,Madagascar,1965,2053.9904,46.87,5819116,Africa,AF
MDG,Madagascar,1970,2299.42762,48.44,6672003,Africa,AF
MDG,Madagascar,1975,2045.19482,52.03,7739336,Africa,AF
MDG,Madagascar,1980,1861.17224,54.9,9006032,Africa,AF
MDG,Madagascar,1985,1699.01582,54.79,10433142,Africa,AF
MDG,Madagascar,1990,1882.9049,55.92,12055639,Africa,AF
MDG,Madagascar,1995,1627.41075,57.92,14051275,Africa,AF
MDG,Madagascar,2000,1694.67393,59.52,16516338,Africa,AF
MDG,Madagascar,2005,1652.10454,61.1,19159707,Africa,AF
MDG,Madagascar,2010,1635.24511,62.57,22183340,Africa,AF
MDG,Madagascar,2015,1627.58061,64.16,25426702,Africa,AF
MDG,Madagascar,2020,1545.72714,64.79,28953556,Africa,AF
MDG,Madagascar,2025,1720.26523,67.03,32740678,Africa,AF
MDV,Maldives,1950,1972.80909,30.65,74448,Asia,AS
MDV,Maldives,1955,2272.11889,34.03,81602,Asia,AS
MDV,Maldives,1960,2613.29283,37.84,91189,Asia,AS
MDV,Maldives,1965,2912.20701,42.56,104102,Asia,AS
MDV,Maldives,1970,3237.97352,47.53,123219,Asia,AS
MDV,Maldives,1975,2838.14749,51.69,143158,Asia,AS
MDV,Maldives,1980,4016.20403,55.95,164835,Asia,AS
MDV,Maldives,1985,6514.98416,61.65,190169,Asia,AS
MDV,Maldives,1990,8823.64682,65.48,224762,Asia,AS
MDV,Maldives,1995,10783.17689,68.72,256649,Asia,AS
MDV,Maldives,2000,13643.94781,72.23,282019,Asia,AS
MDV,Maldives,2005,13823.02455,75.77,306429,Asia,AS
MDV,Maldives,2010,16730.01442,77.77,360792,Asia,AS
MDV,Maldives,2015,18829.44816,78.87,428154,Asia,AS
MDV,Maldives,2020,14242.97508,78.83,502118,Asia,AS
MDV,Maldives,2025,24629.31592,80.46,529676,Asia,AS
MHL,Marshall Islands,1950,1806.81271,52.14,12996,Oceania,OC
MHL,Marshall Islands,1955,2028.04112,54.28,13482,Oceania,OC
MHL,Marshall Islands,1960,2274.83666,56.34,14703,Oceania,OC
MHL,Marshall Islands,1965,2555.25356,57.9,17402,Oceania,OC
MHL,Marshall Islands,1970,2869.32766,59.36,22530,Oceania,OC
MHL,Marshall Islands,1975,3255.91954,61.29,26154,Oceania,OC
MHL,Marshall Islands,1980,2807.08848,62.87,30774,Oceania,OC
MHL,Marshall Islands,1985,2863.01797,63.07,37761,Oceania,OC
MHL,Marshall Islands,1990,3900.02392,62.88,44629,Oceania,OC
MHL,Marshall Islands,1995,4711.424,63.33,48266,Oceania,OC
MHL,Marshall Islands,2000,3800.07744,62.67,50706,Oceania,OC
MHL,Marshall Islands,2005,4074.82182,63.14,51906,Oceania,OC
MHL,Marshall Islands,2010,4269.35843,63.95,52044,Oceania,OC
MHL,Marshall Islands,2015,4670.10918,64.92,48800,Oceania,OC
MHL,Marshall Islands,2020,6417.18441,65.73,42706,Oceania,OC
MHL,Marshall Islands,2025,7990.57932,66.31,36282,Oceania,OC
MKD,North Macedonia,1950,3097.57682,50.21,1248683,Europe,EU
MKD,North Macedonia,1955,3735.23044,51.72,1355676,Europe,EU
MKD,North Macedonia,1960,4860.58178,57.49,1435059,Europe,EU
MKD,North Macedonia,1965,6711.22549,61.77,1533466,Europe,EU
MKD,North Macedonia,1970,8937.43944,65.32,1664208,Europe,EU
MKD,North Macedonia,1975,11052.65784,68.7,1797972,Europe,EU
MKD,North Macedonia,1980,13618.21783,70.09,1933038,Europe,EU
MKD,North Macedonia,1985,13661.9787,70.54,2014331,Europe,EU
MKD,North Macedonia,1990,12713.52078,70.48,2063689,Europe,EU
MKD,North Macedonia,1995,10254.374460000001,70.71,1998534,Europe,EU
MKD,North Macedonia,2000,11809.58873,71.55,2057253,Europe,EU
MKD,North Macedonia,2005,13252.08051,72.46,2089807,Europe,EU
MKD,North Macedonia,2010,16730.16875,73.41,2051505,Europe,EU
MKD,North Macedonia,2015,19214.0158,73.95,1980366,Europe,EU
MKD,North Macedonia,2020,20970.28714,72.33,1872015,Europe,EU
MKD,North Macedonia,2025,26049.02092,75.3,1813791,Europe,EU
MLI,Mali,1950,953.33175,35.19,4696911,Africa,AF
MLI,Mali,1955,1025.72753,36.43,5041934,Africa,AF
MLI,Mali,1960,1092.76791,37.66,5402550,Africa,AF
MLI,Mali,1965,1027.12129,38.65,5815487,Africa,AF
MLI,Mali,1970,1066.06742,40.21,6276472,Africa,AF
MLI,Mali,1975,1106.25572,42.42,6837261,Africa,AF
MLI,Mali,1980,1259.57579,45.75,7530515,Africa,AF
MLI,Mali,1985,1250.14599,48.26,8374663,Africa,AF
MLI,Mali,1990,1608.62074,50.19,9178830,Africa,AF
MLI,Mali,1995,1648.98994,51.66,10185365,Africa,AF
MLI,Mali,2000,1854.02231,53.28,11559290,Africa,AF
MLI,Mali,2005,2280.77116,56.16,13538647,Africa,AF
MLI,Mali,2010,2594.41565,58.44,15945198,Africa,AF
MLI,Mali,2015,2686.55974,59.88,18593022,Africa,AF
MLI,Mali,2020,2796.41038,60.76,21713836,Africa,AF
MLI,Mali,2025,3038.49667,63.28,25198821,Africa,AF
MLT,Malta,1950,2014.52449,63.23,294680,Europe,EU
MLT,Malta,1955,2396.99697,67.5,318139,Europe,EU
MLT,Malta,1960,2895.57557,69.08,330820,Europe,EU
MLT,Malta,1965,3006.62798,69.73,327398,Europe,EU
MLT,Malta,1970,4546.48194,70.93,326011,Europe,EU
MLT,Malta,1975,6565.24025,71.98,333450,Europe,EU
MLT,Malta,1980,10430.15972,72.74,342877,Europe,EU
MLT,Malta,1985,12944.76512,74.73,352566,Europe,EU
MLT,Malta,1990,18050.97561,76.59,367908,Europe,EU
MLT,Malta,1995,22211.29199,77.84,384550,Europe,EU
MLT,Malta,2000,30472.6794,78.83,399895,Europe,EU
MLT,Malta,2005,32482.84961,79.98,413320,Europe,EU
MLT,Malta,2010,37492.67548,81.08,422651,Europe,EU
MLT,Malta,2015,46127.62084,82.18,444981,Europe,EU
MLT,Malta,2020,50392.95912,82.72,518207,Europe,EU
MLT,Malta,2025,63314.49955,83.48,545405,Europe,EU
MMR,Myanmar,1950,763.4792,34.56,17737117,Asia,AS
MMR,Myanmar,1955,856.86266,36.63,19550482,Asia,AS
MMR,Myanmar,1960,985.52672,38.74,21730250,Asia,AS
MMR,Myanmar,1965,1052.32577,40.76,24279431,Asia,AS
MMR,Myanmar,1970,1031.36192,43.09,27193016,Asia,AS
MMR,Myanmar,1975,1004.47606,47.02,30176565,Asia,AS
MMR,Myanmar,1980,1166.11196,50.57,33227204,Asia,AS
MMR,Myanmar,1985,1231.83888,53.38,36622827,Asia,AS
MMR,Myanmar,1990,965.91875,55.42,39817251,Asia,AS
MMR,Myanmar,1995,1113.44753,56.96,42605338,Asia,AS
MMR,Myanmar,2000,1480.20467,58.93,45290841,Asia,AS
MMR,Myanmar,2005,2465.03768,61.38,47438365,Asia,AS
MMR,Myanmar,2010,3893.79031,64.76,49024382,Asia,AS
MMR,Myanmar,2015,5313.88616,67.73,51089056,Asia,AS
MMR,Myanmar,2020,5926.8345,69.66,53016522,Asia,AS
MMR,Myanmar,2025,5493.95419,70.76,54850648,Asia,AS
MNE,Montenegro,1950,2895.36919,67.51,402512,Europe,EU
MNE,Montenegro,1955,3393.08952,68.81,440584,Europe,EU
MNE,Montenegro,1960,4201.909,70.79,471197,Europe,EU
MNE,Montenegro,1965,6980.69912,72.44,502892,Europe,EU
MNE,Montenegro,1970,9504.00977,73.66,529671,Europe,EU
MNE,Montenegro,1975,11494.76094,73.22,557151,Europe,EU
MNE,Montenegro,1980,17762.25799,73.6,584820,Europe,EU
MNE,Montenegro,1985,18484.67943,73,603500,Europe,EU
MNE,Montenegro,1990,16673.21876,74.67,620497,Europe,EU
MNE,Montenegro,1995,9006.08142,74.27,631381,Europe,EU
MNE,Montenegro,2000,13282.74747,73.71,634193,Europe,EU
MNE,Montenegro,2005,15972.78646,73.8,634050,Europe,EU
MNE,Montenegro,2010,19481.40719,74.73,632088,Europe,EU
MNE,Montenegro,2015,21138.97652,75.31,628145,Europe,EU
MNE,Montenegro,2020,21039.32187,75.09,607935,Europe,EU
MNE,Montenegro,2025,29492.07923,76.92,632729,Europe,EU
MNG,Mongolia,1950,1021.47869,38.89,781688,Asia,AS
MNG,Mongolia,1955,1260.57885,41.02,848684,Asia,AS
MNG,Mongolia,1960,1554.70909,43.93,977595,Asia,AS
MNG,Mongolia,1965,1915.29694,47.72,1131177,Asia,AS
MNG,Mongolia,1970,2361.33947,50.55,1295272,Asia,AS
MNG,Mongolia,1975,2842.03099,55.61,1488296,Asia,AS
MNG,Mongolia,1980,3530.95059,57.19,1701335,Asia,AS
MNG,Mongolia,1985,4610.62846,58.85,1921514,Asia,AS
MNG,Mongolia,1990,5205.57521,60.41,2164573,Asia,AS
MNG,Mongolia,1995,4754.97625,59.55,2335715,Asia,AS
MNG,Mongolia,2000,5499.26802,60.99,2455182,Asia,AS
MNG,Mongolia,2005,7418.6352,62.94,2563461,Asia,AS
MNG,Mongolia,2010,9507.11882,65.08,2701732,Asia,AS
MNG,Mongolia,2015,13974.59673,67.65,2976526,Asia,AS
MNG,Mongolia,2020,14801.34208,68.38,3290785,Asia,AS
MNG,Mongolia,2025,18091.8807,69.64,3517100,Asia,AS
MOZ,Mozambique,1950,525.44645,42.97,5910225,Africa,AF
MOZ,Mozambique,1955,522.76441,43.95,6274471,Africa,AF
MOZ,Mozambique,1960,524.0759,45.09,6713695,Africa,AF
MOZ,Mozambique,1965,549.57223,45.98,7406421,Africa,AF
MOZ,Mozambique,1970,615.21401,47.65,8250506,Africa,AF
MOZ,Mozambique,1975,596.24024,49.79,9540817,Africa,AF
MOZ,Mozambique,1980,511.71134,50.45,11336221,Africa,AF
MOZ,Mozambique,1985,425.12181,45.83,12548949,Africa,AF
MOZ,Mozambique,1990,582.81382,51.58,13094537,Africa,AF
MOZ,Mozambique,1995,530.06295,52.6,15960530,Africa,AF
MOZ,Mozambique,2000,719.34845,52.19,18129653,Africa,AF
MOZ,Mozambique,2005,973.32303,52.06,20304569,Africa,AF
MOZ,Mozambique,2010,1224.23021,53.53,22999235,Africa,AF
MOZ,Mozambique,2015,1512.59975,55.83,26547572,Africa,AF
MOZ,Mozambique,2020,1466.12477,58.39,30783688,Africa,AF
MOZ,Mozambique,2025,1530.91465,60.06,35631653,Africa,AF
MRT,Mauritania,1950,1030.98896,47.6,657715,Africa,AF
MRT,Mauritania,1955,1256.39035,49.45,730724,Africa,AF
MRT,Mauritania,1960,1576.20345,50.61,824298,Africa,AF
MRT,Mauritania,1965,2655.99793,52.8,945838,Africa,AF
MRT,Mauritania,1970,3426.01966,55.03,1099806,Africa,AF
MRT,Mauritania,1975,3962.75918,54.92,1277330,Africa,AF
MRT,Mauritania,1980,4126.21782,56.82,1474043,Africa,AF
MRT,Mauritania,1985,3885.53542,57.76,1702107,Africa,AF
MRT,Mauritania,1990,4140.43936,59.38,1951878,Africa,AF
MRT,Mauritania,1995,4507.08771,61.33,2312017,Africa,AF
MRT,Mauritania,2000,4556.78573,63.61,2613441,Africa,AF
MRT,Mauritania,2005,5238.92547,65.8,2939059,Africa,AF
MRT,Mauritania,2010,5605.76389,68.09,3390965,Africa,AF
MRT,Mauritania,2015,5969.5424,69.6,3965959,Africa,AF
MRT,Mauritania,2020,5963.2355,69.54,4600131,Africa,AF
MRT,Mauritania,2025,6709.96294,72.25,5315065,Africa,AF
MUS,Mauritius,1950,4677.9026,53.1,525558,Africa,AF
MUS,Mauritius,1955,4660.46753,55.89,599588,Africa,AF
MUS,Mauritius,1960,4442.78445,58.06,680331,Africa,AF
MUS,Mauritius,1965,4989.37956,62.51,752660,Africa,AF
MUS,Mauritius,1970,4192.21312,63.69,827696,Africa,AF
MUS,Mauritius,1975,4987.07644,63.96,888023,Africa,AF
MUS,Mauritius,1980,5398.76295,67.24,954216,Africa,AF
MUS,Mauritius,1985,7058.08805,68.82,1025063,Africa,AF
MUS,Mauritius,1990,10441.21825,70.2,1089024,Africa,AF
MUS,Mauritius,1995,11799.63417,71.09,1159821,Africa,AF
MUS,Mauritius,2000,14021.36627,72.32,1216629,Africa,AF
MUS,Mauritius,2005,15487.53309,73.16,1257215,Africa,AF
MUS,Mauritius,2010,18819.99841,74.21,1282709,Africa,AF
MUS,Mauritius,2015,22335.28362,75.17,1292275,Africa,AF
MUS,Mauritius,2020,21994.66598,74.69,1283223,Africa,AF
MUS,Mauritius,2025,28927.4972,76.35,1268280,Africa,AF
MWI,Malawi,1950,601.65645,34.36,2950300,Africa,AF
MWI,Malawi,1955,625.35205,35.85,3246543,Africa,AF
MWI,Malawi,1960,646.10422,37.71,3628134,Africa,AF
MWI,Malawi,1965,652.00121,39.55,4096157,Africa,AF
MWI,Malawi,1970,765.91117,42.05,4633944,Africa,AF
MWI,Malawi,1975,955.25034,45.55,5287367,Africa,AF
MWI,Malawi,1980,1036.86472,48.83,6265529,Africa,AF
MWI,Malawi,1985,1126.13231,50.16,7620508,Africa,AF
MWI,Malawi,1990,1075.74189,49.38,9545852,Africa,AF
MWI,Malawi,1995,1155.50842,46.33,10150117,Africa,AF
MWI,Malawi,2000,1246.68825,45.9,11315942,Africa,AF
MWI,Malawi,2005,1215.72811,48.88,12840031,Africa,AF
MWI,Malawi,2010,1504.37514,56.32,14826463,Africa,AF
MWI,Malawi,2015,1597.69145,62.04,17085587,Africa,AF
MWI,Malawi,2020,1656.43985,64.3,19533888,Africa,AF
MWI,Malawi,2025,1689.43091,66.2,22216120,Africa,AF
MYS,Malaysia,1950,3116.47406,53.52,6098283,Asia,AS
MYS,Malaysia,1955,2828.05971,58.94,6959963,Asia,AS
MYS,Malaysia,1960,2898.57836,62.82,7956197,Asia,AS
MYS,Malaysia,1965,3336.40336,65.51,9056408,Asia,AS
MYS,Malaysia,1970,3761.14914,67.29,10178802,Asia,AS
MYS,Malaysia,1975,4986.49036,67.51,11471914,Asia,AS
MYS,Malaysia,1980,6616.35607,70.48,12983363,Asia,AS
MYS,Malaysia,1985,8643.48823,70.03,15252258,Asia,AS
MYS,Malaysia,1990,11691.29277,71.91,17833171,Asia,AS
MYS,Malaysia,1995,16369.07855,71.82,20330599,Asia,AS
MYS,Malaysia,2000,18455.11576,73,22967816,Asia,AS
MYS,Malaysia,2005,20777.09389,74.12,25836071,Asia,AS
MYS,Malaysia,2010,23307.96985,74.44,28655776,Asia,AS
MYS,Malaysia,2015,27699.62789,75.04,31232798,Asia,AS
MYS,Malaysia,2020,29200.45263,75.22,33889558,Asia,AS
MYS,Malaysia,2025,35989.79488,76.03,35977838,Asia,AS
NAM,Namibia,1950,5222.33945,54.81,514591,Africa,AF
NAM,Namibia,1955,5516.76958,55.36,547082,Africa,AF
NAM,Namibia,1960,6169.07897,56.04,591465,Africa,AF
NAM,Namibia,1965,8201.64025,57.39,660558,Africa,AF
NAM,Namibia,1970,8145.76693,57.94,757868,Africa,AF
NAM,Namibia,1975,8434.27018,58.79,881032,Africa,AF
NAM,Namibia,1980,8610.28502,58.89,981434,Africa,AF
NAM,Namibia,1985,7494.76676,60.24,1096890,Africa,AF
NAM,Namibia,1990,7106.51469,62.36,1369303,Africa,AF
NAM,Namibia,1995,7511.34524,60.34,1602170,Africa,AF
NAM,Namibia,2000,7874.98348,53.94,1818647,Africa,AF
NAM,Namibia,2005,9234.0936,53.52,1966582,Africa,AF
NAM,Namibia,2010,10614.62016,60.91,2109811,Africa,AF
NAM,Namibia,2015,12166.56584,63.45,2374300,Africa,AF
NAM,Namibia,2020,9652.24827,64.97,2728762,Africa,AF
NAM,Namibia,2025,10740.46072,66.49,3092816,Africa,AF
NER,Niger,1950,1290.9403,37.79,2597810,Africa,AF
NER,Niger,1955,1409.10296,38.95,3035289,Africa,AF
NER,Niger,1960,1566.53136,40.33,3505050,Africa,AF
NER,Niger,1965,1884.98791,42.32,4049695,Africa,AF
NER,Niger,1970,1669.1507,43.05,4650275,Africa,AF
NER,Niger,1975,1279.08388,43.14,5317019,Africa,AF
NER,Niger,1980,1468.95174,44.94,6135971,Africa,AF
NER,Niger,1985,1255.96251,45.46,7118457,Africa,AF
NER,Niger,1990,1336.25617,47.41,8286059,Africa,AF
NER,Niger,1995,1197.61746,48.57,9714529,Africa,AF
NER,Niger,2000,1148.48705,51.85,11509630,Africa,AF
NER,Niger,2005,1216.43613,55.62,13756192,Africa,AF
NER,Niger,2010,1336.5641,59.05,16548835,Africa,AF
NER,Niger,2015,1471.66135,60.64,19939498,Africa,AF
NER,Niger,2020,1615.69272,61.07,23717613,Africa,AF
NER,Niger,2025,1870.05045,64.09,27917831,Africa,AF
NGA,Nigeria,1950,1738.22425,44.75,37283010,Africa,AF
NGA,Nigeria,1955,2072.3506,45.86,40935635,Africa,AF
NGA,Nigeria,1960,2195.32862,46.81,45053782,Africa,AF
NGA,Nigeria,1965,2470.26044,48.15,50086764,Africa,AF
NGA,Nigeria,1970,2779.17632,49.05,55893838,Africa,AF
NGA,Nigeria,1975,3512.51022,52.01,63410815,Africa,AF
NGA,Nigeria,1980,3589.93327,54.06,73764641,Africa,AF
NGA,Nigeria,1985,2835.54653,54.91,84897973,Africa,AF
NGA,Nigeria,1990,3225.87858,54.69,97120925,Africa,AF
NGA,Nigeria,1995,3049.41546,54.63,110819428,Africa,AF
NGA,Nigeria,2000,3226.14641,54.63,126382494,Africa,AF
NGA,Nigeria,2005,4379.91111,56.63,145017253,Africa,AF
NGA,Nigeria,2010,5359.51848,59.64,166642886,Africa,AF
NGA,Nigeria,2015,5985.09435,62.11,190671878,Africa,AF
NGA,Nigeria,2020,5410.69355,64.31,213996181,Africa,AF
NGA,Nigeria,2025,5848.08157,66.07,237527782,Africa,AF
NLD,Netherlands,1950,12122.90132,71.58,10113757,Europe,EU
NLD,Netherlands,1955,14474.91305,72.62,10751230,Europe,EU
NLD,Netherlands,1960,16060.59518,73.5,11486911,Europe,EU
NLD,Netherlands,1965,18655.77164,73.69,12301125,Europe,EU
NLD,Netherlands,1970,22540.84559,73.73,13052078,Europe,EU
NLD,Netherlands,1975,24732.97199,74.68,13680035,Europe,EU
NLD,Netherlands,1980,26844.31232,75.88,14162686,Europe,EU
NLD,Netherlands,1985,32093.51149,76.49,14538959,Europe,EU
NLD,Netherlands,1990,41198.9813,77.16,15030878,Europe,EU
NLD,Netherlands,1995,45424.09257,77.69,15565032,Europe,EU
NLD,Netherlands,2000,55211.00112,78.28,16058760,Europe,EU
NLD,Netherlands,2005,58119.36479,79.63,16465710,Europe,EU
NLD,Netherlands,2010,61518.55401,80.95,16771235,Europe,EU
NLD,Netherlands,2015,63081.39414,81.66,17107433,Europe,EU
NLD,Netherlands,2020,64862.19225,81.34,17636731,Europe,EU
NLD,Netherlands,2025,73384.1408,82.55,18346819,Europe,EU
NOR,Norway,1950,11506.60084,71.91,3265191,Europe,EU
NOR,Norway,1955,13333.31622,73.21,3428526,Europe,EU
NOR,Norway,1960,15117.56935,73.4,3581121,Europe,EU
NOR,Norway,1965,18169.55055,73.64,3723172,Europe,EU
NOR,Norway,1970,20892.76656,74.25,3875345,Europe,EU
NOR,Norway,1975,25513.43481,75.12,4007365,Europe,EU
NOR,Norway,1980,31197.84967,75.96,4085604,Europe,EU
NOR,Norway,1985,42495.10269,76.35,4152400,Europe,EU
NOR,Norway,1990,51326.55588,76.86,4241440,Europe,EU
NOR,Norway,1995,63662.03669,78.04,4358993,Europe,EU
NOR,Norway,2000,76788.74651,78.9,4490867,Europe,EU
NOR,Norway,2005,84553.41831,80.37,4623124,Europe,EU
NOR,Norway,2010,83256.78807,81.3,4889162,Europe,EU
NOR,Norway,2015,85550.29426,82.41,5189771,Europe,EU
NOR,Norway,2020,86096.05089,83.14,5379274,Europe,EU
NOR,Norway,2025,94895.85433,83.78,5623071,Europe,EU
NPL,Nepal,1950,1013.47184,40.63,8396603,Asia,AS
NPL,Nepal,1955,1098.95523,42.61,9257977,Asia,AS
NPL,Nepal,1960,1171.85458,44.61,10123658,Asia,AS
NPL,Nepal,1965,1184.55351,47.16,11173411,Asia,AS
NPL,Nepal,1970,1195.72137,49.27,12436190,Asia,AS
NPL,Nepal,1975,1149.87321,50.51,13870695,Asia,AS
NPL,Nepal,1980,1124.98321,51.85,15553105,Asia,AS
NPL,Nepal,1985,1457.33184,54.73,17477692,Asia,AS
NPL,Nepal,1990,1793.20863,58.32,19524573,Asia,AS
NPL,Nepal,1995,2025.49153,61.83,22245439,Asia,AS
NPL,Nepal,2000,2326.07294,65.39,24546509,Asia,AS
NPL,Nepal,2005,2570.84456,67.69,26309458,Asia,AS
NPL,Nepal,2010,3085.31407,69.04,27341952,Asia,AS
NPL,Nepal,2015,3745.26182,69.35,27823629,Asia,AS
NPL,Nepal,2020,4412.54204,70.75,28966574,Asia,AS
NPL,Nepal,2025,5329.63699,72.9,29618118,Asia,AS
NRU,Nauru,1950,5329.11775,58.5,3407,Oceania,OC
NRU,Nauru,1955,9878.5373,59.64,3885,Oceania,OC
NRU,Nauru,1960,18302.56919,60.65,4607,Oceania,OC
NRU,Nauru,1965,34037.47152,61.58,5832,Oceania,OC
NRU,Nauru,1970,63277.16082,62.09,6710,Oceania,OC
NRU,Nauru,1975,65890.49517,62.5,6987,Oceania,OC
NRU,Nauru,1980,52989.85406,62.64,7649,Oceania,OC
NRU,Nauru,1985,41330.37147,62.31,8551,Oceania,OC
NRU,Nauru,1990,31401.73198,62.01,9622,Oceania,OC
NRU,Nauru,1995,14772.40575,60.82,10165,Oceania,OC
NRU,Nauru,2000,9045.88119,59.15,10168,Oceania,OC
NRU,Nauru,2005,7240.16555,58.77,10049,Oceania,OC
NRU,Nauru,2010,6966.78567,60.03,10043,Oceania,OC
NRU,Nauru,2015,11344.10275,62.29,10954,Oceania,OC
NRU,Nauru,2020,11441.25845,63.34,11643,Oceania,OC
NRU,Nauru,2025,12938.44098,64.44,12025,Oceania,OC
NZL,New Zealand,1950,16929.14984,69.52,1911263,Oceania,OC
NZL,New Zealand,1955,16971.91737,70.62,2139672,Oceania,OC
NZL,New Zealand,1960,18228.2555,71.22,2379481,Oceania,OC
NZL,New Zealand,1965,20467.16361,71.46,2636494,Oceania,OC
NZL,New Zealand,1970,20493.28379,71.64,2822177,Oceania,OC
NZL,New Zealand,1975,22346.07074,72.39,3094032,Oceania,OC
NZL,New Zealand,1980,21521.14485,73.37,3146327,Oceania,OC
NZL,New Zealand,1985,27217.44538,74.22,3268028,Oceania,OC
NZL,New Zealand,1990,30241.42029,75.55,3396979,Oceania,OC
NZL,New Zealand,1995,32397.31314,76.75,3674428,Oceania,OC
NZL,New Zealand,2000,35871.34674,78.39,3857574,Oceania,OC
NZL,New Zealand,2005,40817.84481,79.8,4135007,Oceania,OC
NZL,New Zealand,2010,41270.92851,80.92,4347770,Oceania,OC
NZL,New Zealand,2015,44963.83392,81.72,4614029,Oceania,OC
NZL,New Zealand,2020,46104.60579,81.96,5069895,Oceania,OC
NZL,New Zealand,2025,49598.26506,82.65,5251899,Oceania,OC
OMN,Oman,1950,1324.27204,40.83,456988,Asia,AS
OMN,Oman,1955,1627.21191,42.88,488801,Asia,AS
OMN,Oman,1960,1984.33597,45.1,530485,Asia,AS
OMN,Oman,1965,2233.16792,48.86,585236,Asia,AS
OMN,Oman,1970,8054.07703,55.47,662680,Asia,AS
OMN,Oman,1975,9666.82977,58.95,778864,Asia,AS
OMN,Oman,1980,11378.86356,61.99,1001248,Asia,AS
OMN,Oman,1985,22051.8013,64.85,1325480,Asia,AS
OMN,Oman,1990,26933.16211,66.75,1763954,Asia,AS
OMN,Oman,1995,33914.8592,67.94,2120528,Asia,AS
OMN,Oman,2000,40524.4461,69.06,2282131,Asia,AS
OMN,Oman,2005,41481.61379,70.28,2459802,Asia,AS
OMN,Oman,2010,48191.61451,70.43,2757446,Asia,AS
OMN,Oman,2015,39813.78871,72.41,4184895,Asia,AS
OMN,Oman,2020,37560.59987,70.88,4522497,Asia,AS
OMN,Oman,2025,37310.77532,75.28,5494691,Asia,AS
PAK,Pakistan,1950,1274.18631,46.01,35849260,Asia,AS
PAK,Pakistan,1955,1219.04508,48.64,40098069,Asia,AS
PAK,Pakistan,1960,1198.75564,51.32,45709310,Asia,AS
PAK,Pakistan,1965,1398.21184,54.62,52209010,Asia,AS
PAK,Pakistan,1970,1674.52865,57.08,60166719,Asia,AS
PAK,Pakistan,1975,1675.93358,59.03,69461175,Asia,AS
PAK,Pakistan,1980,1888.25767,60.24,82291010,Asia,AS
PAK,Pakistan,1985,2581.70245,60.88,98229285,Asia,AS
PAK,Pakistan,1990,3250.23643,61.05,116155576,Asia,AS
PAK,Pakistan,1995,3559.07166,60.34,134582253,Asia,AS
PAK,Pakistan,2000,3621.88037,61.04,154879127,Asia,AS
PAK,Pakistan,2005,4114.79452,61.05,175453212,Asia,AS
PAK,Pakistan,2010,4228.78177,63.27,199239047,Asia,AS
PAK,Pakistan,2015,4645.28631,64.42,217290883,Asia,AS
PAK,Pakistan,2020,5135.01459,65.38,235001746,Asia,AS
PAK,Pakistan,2025,5717.17543,66.71,255219554,Asia,AS
PER,Peru,1950,4606.9762,38.09,7677414,South America,SA
PER,Peru,1955,5241.5302,43.67,8822013,South America,SA
PER,Peru,1960,5617.89644,47.26,10174127,South America,SA
PER,Peru,1965,6520.72576,54.12,11761085,South America,SA
PER,Peru,1970,6787.32166,48.63,13501237,South America,SA
PER,Peru,1975,7456.14071,63.4,15333957,South America,SA
PER,Peru,1980,7026.32556,65.1,17360949,South America,SA
PER,Peru,1985,7083.96092,65.94,19648204,South America,SA
PER,Peru,1990,6341.64348,69.24,22014771,South America,SA
PER,Peru,1995,7413.87861,71.49,24348919,South America,SA
PER,Peru,2000,7724.22627,74.61,26598331,South America,SA
PER,Peru,2005,8986.11141,77.16,28101180,South America,SA
PER,Peru,2010,12059.01802,77.32,29086019,South America,SA
PER,Peru,2015,14542.79309,79.4,30457600,South America,SA
PER,Peru,2020,13609.59996,77.62,32838579,South America,SA
PER,Peru,2025,16370.68024,81.49,34576665,South America,SA
PHL,Philippines,1950,2137.01665,55.14,18849528,Asia,AS
PHL,Philippines,1955,2626.23266,58.15,22880573,Asia,AS
PHL,Philippines,1960,2763.68961,61.26,27891897,Asia,AS
PHL,Philippines,1965,2962.76331,62.55,32625316,Asia,AS
PHL,Philippines,1970,3098.11694,62.69,37622204,Asia,AS
PHL,Philippines,1975,3451.22109,64.11,42120826,Asia,AS
PHL,Philippines,1980,3907.62066,65.74,48043740,Asia,AS
PHL,Philippines,1985,3694.18579,66.51,55213006,Asia,AS
PHL,Philippines,1990,4553.02619,68.41,62854666,Asia,AS
PHL,Philippines,1995,4556.37461,69.77,70546246,Asia,AS
PHL,Philippines,2000,4827.84656,70.31,79625397,Asia,AS
PHL,Philippines,2005,5447.69536,70.31,88015962,Asia,AS
PHL,Philippines,2010,6273.03928,70.58,96337125,Asia,AS
PHL,Philippines,2015,7691.76309,70.91,105312992,Asia,AS
PHL,Philippines,2020,8455.18457,72.09,112081264,Asia,AS
PHL,Philippines,2025,11116.63775,72.47,116786962,Asia,AS
PLW,Palau,1950,11951.21414,49.03,7474,Oceania,OC
PLW,Palau,1955,15651.78898,51.37,8415,Oceania,OC
PLW,Palau,1960,20497.26003,53.86,9328,Oceania,OC
PLW,Palau,1965,26419.57032,56.46,10547,Oceania,OC
PLW,Palau,1970,34038.00373,58.75,11368,Oceania,OC
PLW,Palau,1975,63245.6131,60.41,12655,Oceania,OC
PLW,Palau,1980,21086.498200000002,62.17,12271,Oceania,OC
PLW,Palau,1985,15760.98465,63.41,13688,Oceania,OC
PLW,Palau,1990,18619.06658,64.91,15259,Oceania,OC
PLW,Palau,1995,16396.83946,66.02,17195,Oceania,OC
PLW,Palau,2000,15586.24569,66.37,19178,Oceania,OC
PLW,Palau,2005,17474.70511,66.83,19819,Oceania,OC
PLW,Palau,2010,16530.84558,66.99,18396,Oceania,OC
PLW,Palau,2015,20021.31442,67.24,17770,Oceania,OC
PLW,Palau,2020,18160.25457,68.06,17792,Oceania,OC
PLW,Palau,2025,18884.74308,68.63,17663,Oceania,OC
PNG,Papua New Guinea,1950,1213.66886,49.62,1543429,Oceania,OC
PNG,Papua New Guinea,1955,1279.6253,51.3,1739219,Oceania,OC
PNG,Papua New Guinea,1960,1349.98822,53.68,1995110,Oceania,OC
PNG,Papua New Guinea,1965,1815.6501,56.15,2235820,Oceania,OC
PNG,Papua New Guinea,1970,2348.32337,59.02,2505628,Oceania,OC
PNG,Papua New Guinea,1975,2652.37527,61.09,2814820,Oceania,OC
PNG,Papua New Guinea,1980,2597.66478,62.15,3131512,Oceania,OC
PNG,Papua New Guinea,1985,2921.5969,62.23,3478936,Oceania,OC
PNG,Papua New Guinea,1990,3105.03102,62.61,3896481,Oceania,OC
PNG,Papua New Guinea,1995,4002.47127,63.22,4644278,Oceania,OC
PNG,Papua New Guinea,2000,3350.12137,63.14,5537064,Oceania,OC
PNG,Papua New Guinea,2005,3161.25688,62.21,6535905,Oceania,OC
PNG,Papua New Guinea,2010,3579.17141,62.78,7633523,Oceania,OC
PNG,Papua New Guinea,2015,4154.52333,63.93,8743246,Oceania,OC
PNG,Papua New Guinea,2020,4077.63132,64.97,9815746,Oceania,OC
PNG,Papua New Guinea,2025,4521.77359,65.61,10762817,Oceania,OC
POL,Poland,1950,4926.22454,58.99,24780161,Europe,EU
POL,Poland,1955,5471.55934,63.42,27063640,Europe,EU
POL,Poland,1960,6123.0256,67.9,29575966,Europe,EU
POL,Poland,1965,7013.46672,69.66,31288336,Europe,EU
POL,Poland,1970,7975.84064,70.17,32542633,Europe,EU
POL,Poland,1975,10039.89642,71.14,33964399,Europe,EU
POL,Poland,1980,10432.47928,70.54,35576519,Europe,EU
POL,Poland,1985,11141.19067,70.8,37200853,Europe,EU
POL,Poland,1990,12235.11832,71.08,38055455,Europe,EU
POL,Poland,1995,13853.44664,72,38364667,Europe,EU
POL,Poland,2000,18334.49982,73.9,38258071,Europe,EU
POL,Poland,2005,21513.65483,75.19,38124379,Europe,EU
POL,Poland,2010,27112.13338,76.48,38095351,Europe,EU
POL,Poland,2015,31700.36824,77.62,38266314,Europe,EU
POL,Poland,2020,37852.80213,77.12,38171012,Europe,EU
POL,Poland,2025,47891.51537,79.1,38140910,Europe,EU
PRK,North Korea,1950,1285.18223,20.26,11116736,Asia,AS
PRK,North Korea,1955,1322.74616,43.46,10403325,Asia,AS
PRK,North Korea,1960,1402.57326,47.62,11722953,Asia,AS
PRK,North Korea,1965,1522.51931,52.29,13219369,Asia,AS
PRK,North Korea,1970,1623.06575,57.11,15172775,Asia,AS
PRK,North Korea,1975,2247.00413,61.11,16971055,Asia,AS
PRK,North Korea,1980,2470.51541,64.05,18236786,Asia,AS
PRK,North Korea,1985,2673.13926,66.17,19620388,Asia,AS
PRK,North Korea,1990,2597.3189,67.97,21112137,Asia,AS
PRK,North Korea,1995,1876.20267,61.83,22669304,Asia,AS
PRK,North Korea,2000,1672.45101,63.9,23665910,Asia,AS
PRK,North Korea,2005,1782.7741,70.01,24396433,Asia,AS
PRK,North Korea,2010,1686.7512,70.93,24987258,Asia,AS
PRK,North Korea,2015,1698.31089,72.2,25575350,Asia,AS
PRK,North Korea,2020,1445.36,73.23,26136312,Asia,AS
PRK,North Korea,2025,1542.77448,73.91,26571036,Asia,AS
PRT,Portugal,1950,4237.81732,59.27,8418877,Europe,EU
PRT,Portugal,1955,4978.40397,61.43,8662888,Europe,EU
PRT,Portugal,1960,5852.01875,64.73,8873218,Europe,EU
PRT,Portugal,1965,7723.026,65.9,8889625,Europe,EU
PRT,Portugal,1970,10451.781070000001,67.39,8669523,Europe,EU
PRT,Portugal,1975,12108.75195,69.32,9182302,Europe,EU
PRT,Portugal,1980,14467.33708,71.75,9763624,Europe,EU
PRT,Portugal,1985,17385.87359,73.26,9979469,Europe,EU
PRT,Portugal,1990,25935.18916,74.28,9989524,Europe,EU
PRT,Portugal,1995,28616.71679,75.47,10031751,Europe,EU
PRT,Portugal,2000,34490.82,76.84,10283204,Europe,EU
PRT,Portugal,2005,35622.73481,78.75,10502994,Europe,EU
PRT,Portugal,2010,36703.11402,80.24,10578660,Europe,EU
PRT,Portugal,2015,35803.35741,81.54,10370267,Europe,EU
PRT,Portugal,2020,36852.22839,81.07,10370519,Europe,EU
PRT,Portugal,2025,43664.4989,82.79,10411834,Europe,EU
PRY,Paraguay,1950,3181.88414,61.14,1504344,South America,SA
PRY,Paraguay,1955,3076.51926,67.23,1682286,South America,SA
PRY,Paraguay,1960,3155.52316,69.07,1883514,South America,SA
PRY,Paraguay,1965,3450.3299,70.48,2125177,South America,SA
PRY,Paraguay,1970,3699.47899,70.82,2388028,South America,SA
PRY,Paraguay,1975,4565.6982,71.4,2691648,South America,SA
PRY,Paraguay,1980,6638.41314,73.07,3053235,South America,SA
PRY,Paraguay,1985,7538.47825,74.5,3510671,South America,SA
PRY,Paraguay,1990,9001.17585,75.79,4035747,South America,SA
PRY,Paraguay,1995,10007.78061,75.39,4579806,South America,SA
PRY,Paraguay,2000,9409.92057,75.62,5100868,South America,SA
PRY,Paraguay,2005,10098.54606,75.59,5448097,South America,SA
PRY,Paraguay,2010,12738.57656,75.74,5737971,South America,SA
PRY,Paraguay,2015,14427.60023,76.49,6159103,South America,SA
PRY,Paraguay,2020,14991.66062,76.15,6603739,South America,SA
PRY,Paraguay,2025,17153.71862,77.36,7013078,South America,SA
PSE,Palestine,1950,2494.77287,54.35,944624,Asia,AS
PSE,Palestine,1955,2408.78669,55.96,996382,Asia,AS
PSE,Palestine,1960,2376.04697,58.75,1073081,Asia,AS
PSE,Palestine,1965,2694.71408,62.31,1147310,Asia,AS
PSE,Palestine,1970,2828.47543,57.8,1116280,Asia,AS
PSE,Palestine,1975,3604.65553,65.21,1279321,Asia,AS
PSE,Palestine,1980,4338.0177,66.73,1469059,Asia,AS
PSE,Palestine,1985,3591.60515,68.13,1745256,Asia,AS
PSE,Palestine,1990,3936.40643,69.12,2139067,Asia,AS
PSE,Palestine,1995,4657.96039,70.92,2636551,Asia,AS
PSE,Palestine,2000,4829.81047,70.17,3151793,Asia,AS
PSE,Palestine,2005,4964.9129,71.14,3557401,Asia,AS
PSE,Palestine,2010,5432.24363,73.67,4016916,Asia,AS
PSE,Palestine,2015,6072.65032,74.33,4521565,Asia,AS
PSE,Palestine,2020,5423.68255,73.97,5069692,Asia,AS
PSE,Palestine,2025,3909.19827,75.85,5589623,Asia,AS
QAT,Qatar,1950,2495.63996,64.46,24283,Asia,AS
QAT,Qatar,1955,8193.7557,64.78,28536,Asia,AS
QAT,Qatar,1960,27934.23391,65.28,36010,Asia,AS
QAT,Qatar,1965,69032.84553,66.02,64065,Asia,AS
QAT,Qatar,1970,91298.09488,67.01,116350,Asia,AS
QAT,Qatar,1975,98843.28341,68.7,193087,Asia,AS
QAT,Qatar,1980,86283.12651,70.26,275913,Asia,AS
QAT,Qatar,1985,53009.6967,72.12,365940,Asia,AS
QAT,Qatar,1990,46346.06661,69.93,440175,Asia,AS
QAT,Qatar,1995,56106.16731,71.8,514325,Asia,AS
QAT,Qatar,2000,87743.72295,71.22,644989,Asia,AS
QAT,Qatar,2005,107403.6527,72.29,825408,Asia,AS
QAT,Qatar,2010,129045.0056,73.36,1709229,Asia,AS
QAT,Qatar,2015,123070.8879,75.46,2427331,Asia,AS
QAT,Qatar,2020,103061.9134,74.5,2803375,Asia,AS
QAT,Qatar,2025,116057.3359,77.31,3115889,Asia,AS
ROU,Romania,1950,2321.85651,60.54,16397279,Europe,EU
ROU,Romania,1955,2977.53046,63.45,17475268,Europe,EU
ROU,Romania,1960,3342.57804,65.75,18313495,Europe,EU
ROU,Romania,1965,4405.96472,68.86,18713054,Europe,EU
ROU,Romania,1970,5475.92876,68.29,20011625,Europe,EU
ROU,Romania,1975,7870.71523,69.92,21268070,Europe,EU
ROU,Romania,1980,9799.77409,69.6,22154771,Europe,EU
ROU,Romania,1985,12761.75967,69.67,22605820,Europe,EU
ROU,Romania,1990,13052.9344,69.83,22939530,Europe,EU
ROU,Romania,1995,13025.89439,69.38,22657723,Europe,EU
ROU,Romania,2000,13926.91126,71.23,22046262,Europe,EU
ROU,Romania,2005,20120.47984,72.36,21213388,Europe,EU
ROU,Romania,2010,24900.23033,73.78,20432574,Europe,EU
ROU,Romania,2015,29178.74452,75.25,19871019,Europe,EU
ROU,Romania,2020,35482.19631,74.38,19392469,Europe,EU
ROU,Romania,2025,42605.11998,76.49,18908650,Europe,EU
RUS,Russia,1950,6316.71929,66.67,103392360,Europe,EU
RUS,Russia,1950,6316.71929,66.67,103392360,Asia,AS
RUS,Russia,1955,7367.94175,67.66,111160992,Europe,EU
RUS,Russia,1955,7367.94175,67.66,111160992,Asia,AS
RUS,Russia,1960,8764.34457,69.05,119934141,Europe,EU
RUS,Russia,1960,8764.34457,69.05,119934141,Asia,AS
RUS,Russia,1965,11620.86892,69.97,126634214,Europe,EU
RUS,Russia,1965,11620.86892,69.97,126634214,Asia,AS
RUS,Russia,1970,15826.86679,69.15,130367189,Europe,EU
RUS,Russia,1970,15826.86679,69.15,130367189,Asia,AS
RUS,Russia,1975,19947.47454,68.6,134136098,Europe,EU
RUS,Russia,1975,19947.47454,68.6,134136098,Asia,AS
RUS,Russia,1980,22731.77274,67.71,138572623,Europe,EU
RUS,Russia,1980,22731.77274,67.71,138572623,Asia,AS
RUS,Russia,1985,24223.3763,68.54,143569389,Europe,EU
RUS,Russia,1985,24223.3763,68.54,143569389,Asia,AS
RUS,Russia,1990,25100.29477,69.52,148979541,Europe,EU
RUS,Russia,1990,25100.29477,69.52,148979541,Asia,AS
RUS,Russia,1995,16600.83496,64.84,148291403,Europe,EU
RUS,Russia,1995,16600.83496,64.84,148291403,Asia,AS
RUS,Russia,2000,19109.81254,65.63,146717783,Europe,EU
RUS,Russia,2000,19109.81254,65.63,146717783,Asia,AS
RUS,Russia,2005,27180.8808,65.05,144597884,Europe,EU
RUS,Russia,2005,27180.8808,65.05,144597884,Asia,AS
RUS,Russia,2010,33063.58594,68.82,143934465,Europe,EU
RUS,Russia,2010,33063.58594,68.82,143934465,Asia,AS
RUS,Russia,2015,35037.15234,71.53,145307616,Europe,EU
RUS,Russia,2015,35037.15234,71.53,145307616,Asia,AS
RUS,Russia,2020,36376.33594,70.41,146371299,Europe,EU
RUS,Russia,2020,36376.33594,70.41,146371299,Asia,AS
RUS,Russia,2025,40870.61672,73.89,143997393,Europe,EU
RUS,Russia,2025,40870.61672,73.89,143997393,Asia,AS
RWA,Rwanda,1950,1210.87989,36.52,2157097,Africa,AF
RWA,Rwanda,1955,1273.73802,38.94,2568298,Africa,AF
RWA,Rwanda,1960,1291.68383,42.24,3022294,Africa,AF
RWA,Rwanda,1965,996.12634,42.85,3423210,Africa,AF
RWA,Rwanda,1970,1170.52183,43.58,3980669,Africa,AF
RWA,Rwanda,1975,975.55296,45.02,4607728,Africa,AF
RWA,Rwanda,1980,1266.72508,48.43,5353259,Africa,AF
RWA,Rwanda,1985,1425.36019,51.49,6317228,Africa,AF
RWA,Rwanda,1990,1298.52419,50.01,7375307,Africa,AF
RWA,Rwanda,1995,1016.50626,46.41,5674118,Africa,AF
RWA,Rwanda,2000,1060.64365,50.51,8213931,Africa,AF
RWA,Rwanda,2005,1377.21062,58.22,9054528,Africa,AF
RWA,Rwanda,2010,1779.15851,64.54,10317553,Africa,AF
RWA,Rwanda,2015,2238.53942,67.39,11640022,Africa,AF
RWA,Rwanda,2020,2520.31739,69,13065837,Africa,AF
RWA,Rwanda,2025,3512.30613,70.02,14569341,Africa,AF
SAU,Saudi Arabia,1950,5641.43508,50.92,1703271,Asia,AS
SAU,Saudi Arabia,1955,8054.29912,52.56,2031955,Asia,AS
SAU,Saudi Arabia,1960,11172.15347,54.34,2435403,Asia,AS
SAU,Saudi Arabia,1965,17905.90069,56.93,2928771,Asia,AS
SAU,Saudi Arabia,1970,27209.02948,59.81,3562470,Asia,AS
SAU,Saudi Arabia,1975,45635.03262,63.63,4556287,Asia,AS
SAU,Saudi Arabia,1980,54629.62447,66.06,6047997,Asia,AS
SAU,Saudi Arabia,1985,40937.80064,67.54,8151779,Asia,AS
SAU,Saudi Arabia,1990,45937.52609,68.08,10640691,Asia,AS
SAU,Saudi Arabia,1995,50058.16726,69.4,13289245,Asia,AS
SAU,Saudi Arabia,2000,51649.9186,70.37,16177722,Asia,AS
SAU,Saudi Arabia,2005,54038.83725,71.16,20559890,Asia,AS
SAU,Saudi Arabia,2010,54911.54752,71.84,25157128,Asia,AS
SAU,Saudi Arabia,2015,58498.5399,73.25,29974938,Asia,AS
SAU,Saudi Arabia,2020,57420.73357,73.5,30991207,Asia,AS
SAU,Saudi Arabia,2025,64965.70305,75.66,34566328,Asia,AS
SDN,Sudan,1950,1704.83479,46.94,6189910,Africa,AF
SDN,Sudan,1955,1859.81085,47.92,7181692,Africa,AF
SDN,Sudan,1960,2072.90057,49.76,8364489,Africa,AF
SDN,Sudan,1965,1966.80909,50.53,9858030,Africa,AF
SDN,Sudan,1970,1752.79215,51.6,11695771,Africa,AF
SDN,Sudan,1975,1867.84923,52.8,14064798,Africa,AF
SDN,Sudan,1980,1854.0914,54.8,17058905,Africa,AF
SDN,Sudan,1985,1878.78473,52.17,19905872,Africa,AF
SDN,Sudan,1990,2182.28795,58.66,22021481,Africa,AF
SDN,Sudan,1995,2612.00665,61.29,24672143,Africa,AF
SDN,Sudan,2000,3417.72691,63.26,27816745,Africa,AF
SDN,Sudan,2005,4104.40877,65.48,31262444,Africa,AF
SDN,Sudan,2010,4219.83691,67.44,35414399,Africa,AF
SDN,Sudan,2015,4159.19434,69.03,40024431,Africa,AF
SDN,Sudan,2020,3401.24976,70.21,46789231,Africa,AF
SDN,Sudan,2025,1865.51403,71.21,51662147,Africa,AF
SEN,Senegal,1950,2604.12791,45.21,2555369,Africa,AF
SEN,Senegal,1955,2786.86639,46.04,2908505,Africa,AF
SEN,Senegal,1960,2903.33288,46.91,3340907,Africa,AF
SEN,Senegal,1965,2886.023,47.1,3849788,Africa,AF
SEN,Senegal,1970,2668.1338,47.87,4466328,Africa,AF
SEN,Senegal,1975,2535.33417,49.91,5170810,Africa,AF
SEN,Senegal,1980,2282.19593,52.92,5845638,Africa,AF
SEN,Senegal,1985,2618.74939,56.22,6683287,Africa,AF
SEN,Senegal,1990,2848.46787,58.61,7720523,Africa,AF
SEN,Senegal,1995,2764.36505,59.17,8848101,Africa,AF
SEN,Senegal,2000,3025.6101,60.63,9968260,Africa,AF
SEN,Senegal,2005,3265.85849,63.19,11235472,Africa,AF
SEN,Senegal,2010,3403.56707,65.67,12635413,Africa,AF
SEN,Senegal,2015,3593.79477,66.98,14593331,Africa,AF
SEN,Senegal,2020,4018.04129,67.95,16789219,Africa,AF
SEN,Senegal,2025,4871.2802600000005,70.43,18931966,Africa,AF
SGP,Singapore,1950,4794.1196,57.02,1013313,Asia,AS
SGP,Singapore,1955,3963.83319,62.61,1320230,Asia,AS
SGP,Singapore,1960,4672.46143,65.55,1619322,Asia,AS
SGP,Singapore,1965,5385.08132,67.4,1870822,Asia,AS
SGP,Singapore,1970,8972.98968,69.01,2091558,Asia,AS
SGP,Singapore,1975,12896.19951,70.52,2268523,Asia,AS
SGP,Singapore,1980,18149.24746,71.72,2437493,Asia,AS
SGP,Singapore,1985,26223.31755,73.45,2735030,Asia,AS
SGP,Singapore,1990,40541.43199,75.61,3039591,Asia,AS
SGP,Singapore,1995,55022.19107,77.13,3533624,Asia,AS
SGP,Singapore,2000,65418.14388,79.39,4035245,Asia,AS
SGP,Singapore,2005,80017.08023,81.31,4268364,Asia,AS
SGP,Singapore,2010,95456.18931,82.76,5077014,Asia,AS
SGP,Singapore,2015,108953.7243,84.14,5525340,Asia,AS
SGP,Singapore,2020,115893.0424,83.94,5620150,Asia,AS
SGP,Singapore,2025,137905.9791,85.63,5870750,Asia,AS
SLB,Solomon Islands,1950,1265.20379,42.06,108634,Oceania,OC
SLB,Solomon Islands,1955,1380.12503,43.61,122190,Oceania,OC
SLB,Solomon Islands,1960,1506.64141,45.82,139688,Oceania,OC
SLB,Solomon Islands,1965,1657.09155,48.29,156686,Oceania,OC
SLB,Solomon Islands,1970,1683.16063,50.4,176579,Oceania,OC
SLB,Solomon Islands,1975,1293.66456,50.65,200744,Oceania,OC
SLB,Solomon Islands,1980,1833.19616,54.37,238135,Oceania,OC
SLB,Solomon Islands,1985,2021.56181,55.39,282455,Oceania,OC
SLB,Solomon Islands,1990,2397.67223,55.83,331435,Oceania,OC
SLB,Solomon Islands,1995,3039.58815,56.59,384733,Oceania,OC
SLB,Solomon Islands,2000,2297.6439,56.98,440469,Oceania,OC
SLB,Solomon Islands,2005,2284.10999,56.82,483080,Oceania,OC
SLB,Solomon Islands,2010,2682.28529,57.39,532968,Oceania,OC
SLB,Solomon Islands,2015,2664.73036,58.44,639415,Oceania,OC
SLB,Solomon Islands,2020,2515.12833,59.05,744498,Oceania,OC
SLB,Solomon Islands,2025,2615.32949,59.8,838645,Oceania,OC
SLE,Sierra Leone,1950,1179.36444,40.03,1999623,Africa,AF
SLE,Sierra Leone,1955,1350.66996,41.37,2120889,Africa,AF
SLE,Sierra Leone,1960,1505.43953,42.7,2268356,Africa,AF
SLE,Sierra Leone,1965,1743.6629,44.17,2468666,Africa,AF
SLE,Sierra Leone,1970,2063.48009,45.74,2712286,Africa,AF
SLE,Sierra Leone,1975,2040.67183,47.36,2974657,Africa,AF
SLE,Sierra Leone,1980,2063.63545,48.35,3272089,Africa,AF
SLE,Sierra Leone,1985,2248.40995,49.33,3638438,Africa,AF
SLE,Sierra Leone,1990,2545.11652,51.09,4196828,Africa,AF
SLE,Sierra Leone,1995,2012.30748,50.6,4179179,Africa,AF
SLE,Sierra Leone,2000,1824.79416,51.63,4423611,Africa,AF
SLE,Sierra Leone,2005,2243.41579,53.28,5501712,Africa,AF
SLE,Sierra Leone,2010,2461.98105,55.99,6222714,Africa,AF
SLE,Sierra Leone,2015,2630.53499,58.67,7037655,Africa,AF
SLE,Sierra Leone,2020,2755.10252,61.27,7912558,Africa,AF
SLE,Sierra Leone,2025,3255.82436,63.01,8819794,Africa,AF
SMR,San Marino,1950,10577.00316,72.02,12947,Europe,EU
SMR,San Marino,1955,13454.35893,72.45,13793,Europe,EU
SMR,San Marino,1960,17113.77568,72.88,15428,Europe,EU
SMR,San Marino,1965,23481.21212,73.33,17305,Europe,EU
SMR,San Marino,1970,32044.63296,74.12,18168,Europe,EU
SMR,San Marino,1975,38237.85816,75.38,19046,Europe,EU
SMR,San Marino,1980,45827.16362,76.39,21585,Europe,EU
SMR,San Marino,1985,48738.11943,78.32,22485,Europe,EU
SMR,San Marino,1990,55769.63411,79.7,23475,Europe,EU
SMR,San Marino,1995,66936.52395,80.67,25158,Europe,EU
SMR,San Marino,2000,80165.10474,81.54,26799,Europe,EU
SMR,San Marino,2005,83461.24027,81.6,28572,Europe,EU
SMR,San Marino,2010,68669.25265,81.9,30624,Europe,EU
SMR,San Marino,2015,59647.65946,81.97,33901,Europe,EU
SMR,San Marino,2020,55998.0711,78.81,34769,Europe,EU
SMR,San Marino,2025,78126.26324,83.05,33572,Europe,EU
SOM,Somalia,1950,1260.20008,44.19,2213131,Africa,AF
SOM,Somalia,1955,1384.65448,44.52,2532253,Africa,AF
SOM,Somalia,1960,1447.595,44.96,2876331,Africa,AF
SOM,Somalia,1965,1203.48567,45.72,3277874,Africa,AF
SOM,Somalia,1970,1226.33047,46.7,3738448,Africa,AF
SOM,Somalia,1975,1264.67703,46.14,4257535,Africa,AF
SOM,Somalia,1980,897.0608,48.91,5936154,Africa,AF
SOM,Somalia,1985,958.23188,48.72,6693289,Africa,AF
SOM,Somalia,1990,943.40187,49.3,7082811,Africa,AF
SOM,Somalia,1995,677.26085,50.33,7285007,Africa,AF
SOM,Somalia,2000,716.42269,51.44,8838713,Africa,AF
SOM,Somalia,2005,829.94429,53.52,10644228,Africa,AF
SOM,Somalia,2010,994.86846,53.85,12261756,Africa,AF
SOM,Somalia,2015,1343.44297,56.97,13806963,Africa,AF
SOM,Somalia,2020,1396.05343,57.38,16651191,Africa,AF
SOM,Somalia,2025,1462.56236,59.86,19654739,Africa,AF
SRB,Serbia,1950,3181.8567,54.38,6009201,Europe,EU
SRB,Serbia,1955,3802.25163,59.19,6346327,Europe,EU
SRB,Serbia,1960,6000.20299,63.53,6702962,Europe,EU
SRB,Serbia,1965,8211.3388,65.45,7031133,Europe,EU
SRB,Serbia,1970,10562.92326,66.16,7324425,Europe,EU
SRB,Serbia,1975,14230.72035,69.24,7572438,Europe,EU
SRB,Serbia,1980,18548.44112,69.81,7796280,Europe,EU
SRB,Serbia,1985,19363.34037,70.42,7881548,Europe,EU
SRB,Serbia,1990,17997.58641,70.82,7874594,Europe,EU
SRB,Serbia,1995,8887.14097,70.58,7823284,Europe,EU
SRB,Serbia,2000,10614.4698,71.44,7694605,Europe,EU
SRB,Serbia,2005,14857.66651,72.35,7539133,Europe,EU
SRB,Serbia,2010,17840.4348,74.06,7395864,Europe,EU
SRB,Serbia,2015,18246.78995,75.07,7177253,Europe,EU
SRB,Serbia,2020,21477.87722,74.4,6907812,Europe,EU
SRB,Serbia,2025,28758.37917,76.66,6689039,Europe,EU
SSD,South Sudan,1950,1647.82221,47.23,2493283,Africa,AF
SSD,South Sudan,1955,1796.73876,47.81,2705082,Africa,AF
SSD,South Sudan,1960,1864.07452,48.61,2931559,Africa,AF
SSD,South Sudan,1965,1537.906,48.89,3189835,Africa,AF
SSD,South Sudan,1970,1555.13847,50.08,3409614,Africa,AF
SSD,South Sudan,1975,1591.52641,52.23,3821494,Africa,AF
SSD,South Sudan,1980,1120.28565,53.11,4339030,Africa,AF
SSD,South Sudan,1985,1187.54528,52.72,4834296,Africa,AF
SSD,South Sudan,1990,1160.24303,54.45,4737633,Africa,AF
SSD,South Sudan,1995,767.24984,55.84,5225836,Africa,AF
SSD,South Sudan,2000,701.20667,57.01,6032267,Africa,AF
SSD,South Sudan,2005,691.5774,59.25,7590143,Africa,AF
SSD,South Sudan,2010,665.518,60.58,9745953,Africa,AF
SSD,South Sudan,2015,398.849,61.64,11107561,Africa,AF
SSD,South Sudan,2020,625.73,63.25,10698467,Africa,AF
SSD,South Sudan,2025,716.249,65.36,12188788,Africa,AF
STP,Sao Tome and Principe,1950,1686.02944,40.68,60874,Africa,AF
STP,Sao Tome and Principe,1955,1561.70758,40.86,64606,Africa,AF
STP,Sao Tome and Principe,1960,1762.05032,45.02,68012,Africa,AF
STP,Sao Tome and Principe,1965,2352.3997,53.23,71680,Africa,AF
STP,Sao Tome and Principe,1970,2887.87374,56.96,77626,Africa,AF
STP,Sao Tome and Principe,1975,3149.49237,60.68,86708,Africa,AF
STP,Sao Tome and Principe,1980,4033.27562,62.3,98544,Africa,AF
STP,Sao Tome and Principe,1985,3855.69231,62.16,108658,Africa,AF
STP,Sao Tome and Principe,1990,3593.63359,63.49,122980,Africa,AF
STP,Sao Tome and Principe,1995,3604.51288,64.1,134895,Africa,AF
STP,Sao Tome and Principe,2000,3711.08247,65.02,144018,Africa,AF
STP,Sao Tome and Principe,2005,4292.15451,66.65,161639,Africa,AF
STP,Sao Tome and Principe,2010,4882.04796,68.99,181802,Africa,AF
STP,Sao Tome and Principe,2015,5210.20378,69.99,200291,Africa,AF
STP,Sao Tome and Principe,2020,5742.94725,70.17,217435,Africa,AF
STP,Sao Tome and Principe,2025,5681.95489,71.51,240254,Africa,AF
SUR,Suriname,1950,7183.06955,57.69,195565,South America,SA
SUR,Suriname,1955,7942.7524,61.15,225195,South America,SA
SUR,Suriname,1960,8771.94886,62.97,263918,South America,SA
SUR,Suriname,1965,9924.59016,64.81,320000,South America,SA
SUR,Suriname,1970,11203.2313,65.85,379442,South America,SA
SUR,Suriname,1975,14035.84949,66.21,391170,South America,SA
SUR,Suriname,1980,15785.22025,66.77,375377,South America,SA
SUR,Suriname,1985,17437.98706,69.07,386972,South America,SA
SUR,Suriname,1990,16146.21847,68.94,412493,South America,SA
SUR,Suriname,1995,15499.29876,70.91,429606,South America,SA
SUR,Suriname,2000,15730.67361,69.8,476643,South America,SA
SUR,Suriname,2005,18964.50522,70.64,519313,South America,SA
SUR,Suriname,2010,22772.47545,72.29,549923,South America,SA
SUR,Suriname,2015,23327.52525,72.45,581627,South America,SA
SUR,Suriname,2020,19091.36172,73.03,612317,South America,SA
SUR,Suriname,2025,20256.66324,73.51,639850,South America,SA
SVK,Slovak Republic,1950,7119.8909,60.73,3465747,Europe,EU
SVK,Slovak Republic,1955,8015.4208,67.83,3797353,Europe,EU
SVK,Slovak Republic,1960,10109.18723,70.37,4124442,Europe,EU
SVK,Slovak Republic,1965,10993.41929,70.52,4365047,Europe,EU
SVK,Slovak Republic,1970,12861.18037,69.94,4525871,Europe,EU
SVK,Slovak Republic,1975,14686.51707,70.57,4739166,Europe,EU
SVK,Slovak Republic,1980,15760.39805,70.71,4976655,Europe,EU
SVK,Slovak Republic,1985,16383.36645,70.97,5151166,Europe,EU
SVK,Slovak Republic,1990,17230.39989,71.07,5266078,Europe,EU
SVK,Slovak Republic,1995,15816.45258,72.68,5354282,Europe,EU
SVK,Slovak Republic,2000,18368.86038,73.67,5379999,Europe,EU
SVK,Slovak Republic,2005,23279.38612,74.47,5376695,Europe,EU
SVK,Slovak Republic,2010,29745.86139,75.82,5391851,Europe,EU
SVK,Slovak Republic,2015,33507.72572,76.8,5420278,Europe,EU
SVK,Slovak Republic,2020,36201.41546,76.89,5455024,Europe,EU
SVK,Slovak Republic,2025,41977.51553,78.58,5474881,Europe,EU
SVN,Slovenia,1950,5789.98452,58.48,1446358,Europe,EU
SVN,Slovenia,1955,6749.03459,61.92,1532630,Europe,EU
SVN,Slovenia,1960,9700.73158,65.31,1605074,Europe,EU
SVN,Slovenia,1965,13027.22573,67.89,1675318,Europe,EU
SVN,Slovenia,1970,17453.42611,68.6,1739861,Europe,EU
SVN,Slovenia,1975,23534.9863,70.15,1817598,Europe,EU
SVN,Slovenia,1980,29032.23728,71.34,1903069,Europe,EU
SVN,Slovenia,1985,28459.89553,72.09,1941472,Europe,EU
SVN,Slovenia,1990,25005.80474,73.97,1998007,Europe,EU
SVN,Slovenia,1995,24521.80937,75.13,1988095,Europe,EU
SVN,Slovenia,2000,29866.49515,76.26,1986816,Europe,EU
SVN,Slovenia,2005,35403.55285,78.12,1996914,Europe,EU
SVN,Slovenia,2010,38065.73615,79.69,2044612,Europe,EU
SVN,Slovenia,2015,38537.09519,81.03,2059947,Europe,EU
SVN,Slovenia,2020,42474.22471,80.25,2102419,Europe,EU
SVN,Slovenia,2025,50558.74404,82.45,2117072,Europe,EU
SWE,Sweden,1950,13513.31937,71.36,7016565,Europe,EU
SWE,Sweden,1955,14765.2108,72.76,7262329,Europe,EU
SWE,Sweden,1960,16476.87483,73.41,7484596,Europe,EU
SWE,Sweden,1965,19917.34058,74.19,7733007,Europe,EU
SWE,Sweden,1970,22727.59725,74.83,8042780,Europe,EU
SWE,Sweden,1975,24632.99359,75.26,8192641,Europe,EU
SWE,Sweden,1980,25201.31844,76.07,8310469,Europe,EU
SWE,Sweden,1985,32471.18748,77.09,8350244,Europe,EU
SWE,Sweden,1990,39408.10064,77.95,8558567,Europe,EU
SWE,Sweden,1995,39885.39437,79.12,8826302,Europe,EU
SWE,Sweden,2000,47554.61213,80,8872101,Europe,EU
SWE,Sweden,2005,53149.96078,80.98,9029771,Europe,EU
SWE,Sweden,2010,55527.93981,81.86,9378232,Europe,EU
SWE,Sweden,2015,58975.97789,82.55,9799481,Europe,EU
SWE,Sweden,2020,59572.47476,82.21,10353686,Europe,EU
SWE,Sweden,2025,65596.66352,83.72,10656633,Europe,EU
SWZ,Eswatini,1950,765.94778,43.33,271655,Africa,AF
SWZ,Eswatini,1955,819.30078,44.5,307217,Africa,AF
SWZ,Eswatini,1960,942.88607,45.64,345337,Africa,AF
SWZ,Eswatini,1965,1548.95573,48.54,388336,Africa,AF
SWZ,Eswatini,1970,1948.5084,51.47,441216,Africa,AF
SWZ,Eswatini,1975,3162.25653,54.46,507673,Africa,AF
SWZ,Eswatini,1980,3172.28212,57.26,596644,Africa,AF
SWZ,Eswatini,1985,3456.4845,59.62,706196,Africa,AF
SWZ,Eswatini,1990,5423.1134,61.75,872428,Africa,AF
SWZ,Eswatini,1995,5789.40503,59.32,970433,Africa,AF
SWZ,Eswatini,2000,6238.11593,48.32,1041414,Africa,AF
SWZ,Eswatini,2005,7234.23245,43.29,1079022,Africa,AF
SWZ,Eswatini,2010,8210.69699,47.98,1111650,Africa,AF
SWZ,Eswatini,2015,9253.29094,54.88,1142813,Africa,AF
SWZ,Eswatini,2020,9727.5139,57.43,1192729,Africa,AF
SWZ,Eswatini,2025,11069.57117,59.5,1256174,Africa,AF
SYC,Seychelles,1950,3399.40948,59.96,38284,Africa,AF
SYC,Seychelles,1955,3783.84558,62.01,40102,Africa,AF
SYC,Seychelles,1960,4068.42173,63.64,43230,Africa,AF
SYC,Seychelles,1965,4018.30642,63.89,48270,Africa,AF
SYC,Seychelles,1970,4708.03679,65.73,54252,Africa,AF
SYC,Seychelles,1975,5899.35688,68.91,61218,Africa,AF
SYC,Seychelles,1980,8215.84313,71.06,66260,Africa,AF
SYC,Seychelles,1985,9984.72651,71.25,69823,Africa,AF
SYC,Seychelles,1990,14040.58349,70.56,73983,Africa,AF
SYC,Seychelles,1995,15853.72563,70.95,78126,Africa,AF
SYC,Seychelles,2000,20423.05769,72.2,83318,Africa,AF
SYC,Seychelles,2005,19941.61082,72.24,89266,Africa,AF
SYC,Seychelles,2010,21708.75545,73.21,94971,Africa,AF
SYC,Seychelles,2015,27032.20839,73.41,107230,Africa,AF
SYC,Seychelles,2020,30056.19943,72.93,120291,Africa,AF
SYC,Seychelles,2025,30802.63006,74.8,132779,Africa,AF
SYR,Syria,1950,4338.50508,54.96,3612081,Asia,AS
SYR,Syria,1955,5037.82818,57.41,4050589,Asia,AS
SYR,Syria,1960,4611.05412,61.04,4673500,Asia,AS
SYR,Syria,1965,5059.72125,64.22,5435267,Asia,AS
SYR,Syria,1970,4533.25188,66.49,6380609,Asia,AS
SYR,Syria,1975,6548.87348,69.81,7554364,Asia,AS
SYR,Syria,1980,7022.8313,70.23,8957663,Asia,AS
SYR,Syria,1985,7319.14607,69.41,10625672,Asia,AS
SYR,Syria,1990,7187.0244,68.79,12579208,Asia,AS
SYR,Syria,1995,8399.75219,69.75,14616801,Asia,AS
SYR,Syria,2000,8116.3478,71.62,16637888,Asia,AS
SYR,Syria,2005,8868.48394,74.42,18814091,Asia,AS
SYR,Syria,2010,9546.56049,74.71,22482421,Asia,AS
SYR,Syria,2015,5302.07414,65.47,19424618,Asia,AS
SYR,Syria,2020,4633.34952,74.21,21049429,Asia,AS
SYR,Syria,2025,4085.72011,74.84,25620427,Asia,AS
TCD,Chad,1950,1106.57883,45.02,2525454,Africa,AF
TCD,Chad,1955,1241.7407,46.24,2764249,Africa,AF
TCD,Chad,1960,1344.56397,47.41,3049838,Africa,AF
TCD,Chad,1965,1307.88203,48.47,3374220,Africa,AF
TCD,Chad,1970,1304.2384,48.36,3727828,Africa,AF
TCD,Chad,1975,1429.56861,50.42,4167234,Africa,AF
TCD,Chad,1980,885.14001,50.77,4515453,Africa,AF
TCD,Chad,1985,1162.13547,52.36,5096269,Africa,AF
TCD,Chad,1990,1431.31281,53.54,5982833,Africa,AF
TCD,Chad,1995,1416.0583,53.46,7089064,Africa,AF
TCD,Chad,2000,1407.47073,52.25,8512093,Africa,AF
TCD,Chad,2005,2607.45074,53.73,10328092,Africa,AF
TCD,Chad,2010,2717.50763,56.5,12312575,Africa,AF
TCD,Chad,2015,2823.36071,58.75,14647621,Africa,AF
TCD,Chad,2020,2513.01578,59.84,17224679,Africa,AF
TCD,Chad,2025,2645.81191,61.58,21003705,Africa,AF
TGO,Togo,1950,1110.3802,44.77,1399600,Africa,AF
TGO,Togo,1955,1172.8515400000001,45.94,1529946,Africa,AF
TGO,Togo,1960,1290.51659,46.95,1673110,Africa,AF
TGO,Togo,1965,1713.02169,48.58,1853771,Africa,AF
TGO,Togo,1970,1943.21157,51.42,2244773,Africa,AF
TGO,Togo,1975,1830.67951,53.7,2574622,Africa,AF
TGO,Togo,1980,1843.32441,55.77,2920894,Africa,AF
TGO,Togo,1985,1727.32683,57.11,3441091,Africa,AF
TGO,Togo,1990,2025.5292,57.98,3998761,Africa,AF
TGO,Togo,1995,1879.34317,57.55,4410832,Africa,AF
TGO,Togo,2000,2005.61984,56.38,5140037,Africa,AF
TGO,Togo,2005,1908.64738,56.91,5844631,Africa,AF
TGO,Togo,2010,1988.95211,59.5,6732590,Africa,AF
TGO,Togo,2015,2317.54781,62.38,7663195,Africa,AF
TGO,Togo,2020,2490.05294,65.17,8669720,Africa,AF
TGO,Togo,2025,3007.55596,66.47,9721608,Africa,AF
THA,Thailand,1950,1629.21749,53.82,20428402,Asia,AS
THA,Thailand,1955,1652.33599,58.28,23343181,Asia,AS
THA,Thailand,1960,1832.0135,60.87,26851747,Asia,AS
THA,Thailand,1965,2103.53888,62.85,31149337,Asia,AS
THA,Thailand,1970,2891.48292,64.15,35954408,Asia,AS
THA,Thailand,1975,3206.25143,65.49,40940005,Asia,AS
THA,Thailand,1980,4034.72381,66.5,45650022,Asia,AS
THA,Thailand,1985,5449.57923,70.03,50270753,Asia,AS
THA,Thailand,1990,9018.79314,71.29,54738329,Asia,AS
THA,Thailand,1995,12262.03659,70.72,59098232,Asia,AS
THA,Thailand,2000,11791.25763,71.81,63007815,Asia,AS
THA,Thailand,2005,14542.32913,74.75,66017420,Asia,AS
THA,Thailand,2010,16730.36979,77,68579447,Asia,AS
THA,Thailand,2015,18811.99751,78.19,70540795,Asia,AS
THA,Thailand,2020,19957.25714,78.72,71641484,Asia,AS
THA,Thailand,2025,22695.94668,79.78,71619863,Asia,AS
TJK,Tajikistan,1950,3773.24673,46.17,1528308,Asia,AS
TJK,Tajikistan,1955,4356.94389,48.78,1810238,Asia,AS
TJK,Tajikistan,1960,5137.08343,52.55,2112131,Asia,AS
TJK,Tajikistan,1965,5807.37266,56.77,2492998,Asia,AS
TJK,Tajikistan,1970,6714.40537,60.38,2936779,Asia,AS
TJK,Tajikistan,1975,6779.28187,62.57,3430425,Asia,AS
TJK,Tajikistan,1980,6002.25814,65.33,3995256,Asia,AS
TJK,Tajikistan,1985,5433.79281,66.7,4619003,Asia,AS
TJK,Tajikistan,1990,4718.37169,66.94,5398768,Asia,AS
TJK,Tajikistan,1995,1580.2714,64.56,5948584,Asia,AS
TJK,Tajikistan,2000,1470.93456,66.59,6284735,Asia,AS
TJK,Tajikistan,2005,2036.19774,67.47,6924720,Asia,AS
TJK,Tajikistan,2010,2449.27359,68,7652141,Asia,AS
TJK,Tajikistan,2015,3041.4448,68.6,8643840,Asia,AS
TJK,Tajikistan,2020,3724.74896,66.74,9749310,Asia,AS
TJK,Tajikistan,2025,5122.38472,70.4,10786734,Asia,AS
TKM,Turkmenistan,1950,4879.1824,48.35,1269180,Asia,AS
TKM,Turkmenistan,1955,5624.34614,51.45,1418164,Asia,AS
TKM,Turkmenistan,1960,6621.40768,55.14,1643457,Asia,AS
TKM,Turkmenistan,1965,7846.55663,58.15,1915916,Asia,AS
TKM,Turkmenistan,1970,9517.00864,60.42,2195616,Asia,AS
TKM,Turkmenistan,1975,10020.07084,61.63,2494570,Asia,AS
TKM,Turkmenistan,1980,9154.52112,63.57,2832203,Asia,AS
TKM,Turkmenistan,1985,8387.64066,64.97,3247534,Asia,AS
TKM,Turkmenistan,1990,7872.12414,65.96,3760562,Asia,AS
TKM,Turkmenistan,1995,4524.30481,64.57,4191203,Asia,AS
TKM,Turkmenistan,2000,5175.88159,66.35,4582677,Asia,AS
TKM,Turkmenistan,2005,6242.06214,65.8,5052257,Asia,AS
TKM,Turkmenistan,2010,8842.33284,69.47,5564356,Asia,AS
TKM,Turkmenistan,2015,13057.83033,69.99,6215770,Asia,AS
TKM,Turkmenistan,2020,15791.17759,70.49,6949912,Asia,AS
TKM,Turkmenistan,2025,18623.63459,71.64,7618847,Asia,AS
TLS,Timor-Leste,1950,878.06693,42.47,414762,Asia,AS
TLS,Timor-Leste,1955,857.01525,44,437150,Asia,AS
TLS,Timor-Leste,1960,837.55209,45.69,468118,Asia,AS
TLS,Timor-Leste,1965,1000.80319,47.83,507034,Asia,AS
TLS,Timor-Leste,1970,1155.40815,50.48,553069,Asia,AS
TLS,Timor-Leste,1975,1361.58471,47.22,598158,Asia,AS
TLS,Timor-Leste,1980,1679.6227,51.99,649871,Asia,AS
TLS,Timor-Leste,1985,2044.48343,57.77,696665,Asia,AS
TLS,Timor-Leste,1990,2458.86265,60.93,760345,Asia,AS
TLS,Timor-Leste,1995,3237.68106,62.61,868146,Asia,AS
TLS,Timor-Leste,2000,3862.79702,65.46,745088,Asia,AS
TLS,Timor-Leste,2005,3501.73256,67.7,948311,Asia,AS
TLS,Timor-Leste,2010,4049.18501,70,1084679,Asia,AS
TLS,Timor-Leste,2015,4469.93611,70.31,1205131,Asia,AS
TLS,Timor-Leste,2020,6598.0346,70.82,1326053,Asia,AS
TLS,Timor-Leste,2025,4352.93562,72.18,1418517,Asia,AS
TON,Tonga,1950,1633.89002,61.47,49660,Oceania,OC
TON,Tonga,1955,1624.09537,62.96,57257,Oceania,OC
TON,Tonga,1960,1613.93835,64.58,66170,Oceania,OC
TON,Tonga,1965,1603.24858,65.71,75924,Oceania,OC
TON,Tonga,1970,1593.74489,66.54,84401,Oceania,OC
TON,Tonga,1975,1666.07651,67.43,93017,Oceania,OC
TON,Tonga,1980,1908.04169,68.37,97769,Oceania,OC
TON,Tonga,1985,3890.48712,69.91,97984,Oceania,OC
TON,Tonga,1990,4568.57998,70.95,99700,Oceania,OC
TON,Tonga,1995,5549.07378,71.56,100225,Oceania,OC
TON,Tonga,2000,5856.22403,70.73,102677,Oceania,OC
TON,Tonga,2005,5881.36707,72.02,105671,Oceania,OC
TON,Tonga,2010,5488.7504,72.21,107400,Oceania,OC
TON,Tonga,2015,6194.63932,72.59,106095,Oceania,OC
TON,Tonga,2020,6995.31729,73.03,105704,Oceania,OC
TON,Tonga,2025,7839.22918,73.81,103742,Oceania,OC
TUN,Tunisia,1950,2188.05414,43.82,3608985,Africa,AF
TUN,Tunisia,1955,2193.24109,45.79,4005129,Africa,AF
TUN,Tunisia,1960,2430.69771,49.35,4267288,Africa,AF
TUN,Tunisia,1965,2791.33995,52.93,4561385,Africa,AF
TUN,Tunisia,1970,3218.96212,56.52,5131396,Africa,AF
TUN,Tunisia,1975,4167.7415,61.99,5839262,Africa,AF
TUN,Tunisia,1980,4865.8411,66.25,6606195,Africa,AF
TUN,Tunisia,1985,6022.63269,70.18,7409903,Africa,AF
TUN,Tunisia,1990,6842.6121,72.25,8324509,Africa,AF
TUN,Tunisia,1995,7545.33755,73.02,9161258,Africa,AF
TUN,Tunisia,2000,9263.8496,74.28,9764935,Africa,AF
TUN,Tunisia,2005,10627.71843,75.36,10255472,Africa,AF
TUN,Tunisia,2010,12458.25735,76.15,10765980,Africa,AF
TUN,Tunisia,2015,12802.76104,77,11402264,Africa,AF
TUN,Tunisia,2020,11955.56592,77,11974057,Africa,AF
TUN,Tunisia,2025,13135.58265,79.15,12348573,Africa,AF
TUR,Turkey,1950,2736.62943,44.95,21021140,Europe,EU
TUR,Turkey,1950,2736.62943,44.95,21021140,Asia,AS
TUR,Turkey,1955,3595.74092,47.32,24310511,Europe,EU
TUR,Turkey,1955,3595.74092,47.32,24310511,Asia,AS
TUR,Turkey,1960,3936.93078,49.53,28329898,Europe,EU
TUR,Turkey,1960,3936.93078,49.53,28329898,Asia,AS
TUR,Turkey,1965,4428.98009,53.39,32345220,Europe,EU
TUR,Turkey,1965,4428.98009,53.39,32345220,Asia,AS
TUR,Turkey,1970,5478.40851,57.13,36638465,Europe,EU
TUR,Turkey,1970,5478.40851,57.13,36638465,Asia,AS
TUR,Turkey,1975,6698.79912,60.74,41053126,Europe,EU
TUR,Turkey,1975,6698.79912,60.74,41053126,Asia,AS
TUR,Turkey,1980,6759.52046,64.06,45408815,Europe,EU
TUR,Turkey,1980,6759.52046,64.06,45408815,Asia,AS
TUR,Turkey,1985,8829.72816,66.65,50687115,Europe,EU
TUR,Turkey,1985,8829.72816,66.65,50687115,Asia,AS
TUR,Turkey,1990,11860.09284,68.75,56015628,Europe,EU
TUR,Turkey,1990,11860.09284,68.75,56015628,Asia,AS
TUR,Turkey,1995,12995.43116,70.85,61024503,Europe,EU
TUR,Turkey,1995,12995.43116,70.85,61024503,Asia,AS
TUR,Turkey,2000,14897.78792,74.73,65425961,Europe,EU
TUR,Turkey,2000,14897.78792,74.73,65425961,Asia,AS
TUR,Turkey,2005,17775.43114,76.81,69329557,Europe,EU
TUR,Turkey,2005,17775.43114,76.81,69329557,Asia,AS
TUR,Turkey,2010,19564.7889,76.72,73346769,Europe,EU
TUR,Turkey,2010,19564.7889,76.72,73346769,Asia,AS
TUR,Turkey,2015,25746.43245,77.36,80014226,Europe,EU
TUR,Turkey,2015,25746.43245,77.36,80014226,Asia,AS
TUR,Turkey,2020,28378.55208,76.4,86091692,Europe,EU
TUR,Turkey,2020,28378.55208,76.4,86091692,Asia,AS
TUR,Turkey,2025,36992.96579,79.66,87685426,Europe,EU
TUR,Turkey,2025,36992.96579,79.66,87685426,Asia,AS
TUV,Tuvalu,1950,1878.35881,46.99,4765,Oceania,OC
TUV,Tuvalu,1955,1963.66326,49.14,5335,Oceania,OC
TUV,Tuvalu,1960,2052.11682,51.44,5598,Oceania,OC
TUV,Tuvalu,1965,2147.59177,53.56,5715,Oceania,OC
TUV,Tuvalu,1970,2244.78781,55.51,5663,Oceania,OC
TUV,Tuvalu,1975,3398.97835,56.79,6117,Oceania,OC
TUV,Tuvalu,1980,3331.16532,57.76,7366,Oceania,OC
TUV,Tuvalu,1985,2425.7725,58.74,8046,Oceania,OC
TUV,Tuvalu,1990,3037.4003,60.81,8798,Oceania,OC
TUV,Tuvalu,1995,3338.19718,62.87,9280,Oceania,OC
TUV,Tuvalu,2000,3770.50836,61.5,9544,Oceania,OC
TUV,Tuvalu,2005,3513.28337,65.73,9940,Oceania,OC
TUV,Tuvalu,2010,3506.06023,66.6,10614,Oceania,OC
TUV,Tuvalu,2015,4088.7658,67.36,10963,Oceania,OC
TUV,Tuvalu,2020,5154.45958,68.05,10399,Oceania,OC
TUV,Tuvalu,2025,6632.53597,69.14,9492,Oceania,OC
TZA,Tanzania,1950,880.81463,43.84,7625155,Africa,AF
TZA,Tanzania,1955,943.40293,44.68,8644862,Africa,AF
TZA,Tanzania,1960,930.59292,45.32,9901419,Africa,AF
TZA,Tanzania,1965,1017.36009,46.43,11470728,Africa,AF
TZA,Tanzania,1970,1140.8048,49.43,13492677,Africa,AF
TZA,Tanzania,1975,1195.55075,52.76,16138361,Africa,AF
TZA,Tanzania,1980,1175.93769,55.4,19189769,Africa,AF
TZA,Tanzania,1985,1276.03106,56.61,22501693,Africa,AF
TZA,Tanzania,1990,1587.30876,55.26,26110207,Africa,AF
TZA,Tanzania,1995,1579.3614,52.91,30383497,Africa,AF
TZA,Tanzania,2000,1792.82437,53.44,34260139,Africa,AF
TZA,Tanzania,2005,2239.90235,56.53,39182076,Africa,AF
TZA,Tanzania,2010,2654.80347,61.06,44758488,Africa,AF
TZA,Tanzania,2015,3111.44458,65.07,52020962,Africa,AF
TZA,Tanzania,2020,3449.82153,66.61,60972798,Africa,AF
TZA,Tanzania,2025,3924.40183,68.59,70545865,Africa,AF
UGA,Uganda,1950,1354.08818,47.08,5750913,Africa,AF
UGA,Uganda,1955,1291.19447,48.03,6613770,Africa,AF
UGA,Uganda,1960,1301.50478,48.97,7640973,Africa,AF
UGA,Uganda,1965,1383.60089,50.57,8849203,Africa,AF
UGA,Uganda,1970,1487.4187,51.95,10321603,Africa,AF
UGA,Uganda,1975,1282.31837,52.82,11725240,Africa,AF
UGA,Uganda,1980,889.72117,50.84,13275741,Africa,AF
UGA,Uganda,1985,964.5588,50.29,15023681,Africa,AF
UGA,Uganda,1990,1124.70915,48.51,17569897,Africa,AF
UGA,Uganda,1995,1313.40901,47.97,20665667,Africa,AF
UGA,Uganda,2000,1501.54961,49.58,24000150,Africa,AF
UGA,Uganda,2005,1776.84593,53.92,27963289,Africa,AF
UGA,Uganda,2010,2244.60595,59.33,32390802,Africa,AF
UGA,Uganda,2015,2520.0201,63.88,37531446,Africa,AF
UGA,Uganda,2020,2678.00907,66.08,44457152,Africa,AF
UGA,Uganda,2025,3047.99489,67.55,51384894,Africa,AF
UKR,Ukraine,1950,4574.32505,68.16,37310887,Europe,EU
UKR,Ukraine,1955,5881.87348,69.15,39859711,Europe,EU
UKR,Ukraine,1960,7528.99903,71.08,42824093,Europe,EU
UKR,Ukraine,1965,9546.51114,71.7,45386892,Europe,EU
UKR,Ukraine,1970,11646.40183,70.92,47261306,Europe,EU
UKR,Ukraine,1975,14284.20645,70.6,48865229,Europe,EU
UKR,Ukraine,1980,15711.78882,69.77,49955152,Europe,EU
UKR,Ukraine,1985,18150.20469,70.31,51108770,Europe,EU
UKR,Ukraine,1990,19355.35476,70.58,52054092,Europe,EU
UKR,Ukraine,1995,9882.22202,66.98,51665539,Europe,EU
UKR,Ukraine,2000,9778.67964,67.98,49556660,Europe,EU
UKR,Ukraine,2005,15258.93136,67.81,47585556,Europe,EU
UKR,Ukraine,2010,16811.79492,70.82,46456003,Europe,EU
UKR,Ukraine,2015,15403.70996,72.48,45784896,Europe,EU
UKR,Ukraine,2020,17092.53906,71.89,44680014,Europe,EU
UKR,Ukraine,2025,15014.25715,74.89,38980376,Europe,EU
URY,Uruguay,1950,8916.34931,65.12,2234412,South America,SA
URY,Uruguay,1955,10222.39741,67.46,2367034,South America,SA
URY,Uruguay,1960,9324.83104,68.32,2529957,South America,SA
URY,Uruguay,1965,8851.8119,68.44,2681169,South America,SA
URY,Uruguay,1970,9288.42222,68.47,2790807,South America,SA
URY,Uruguay,1975,9697.81501,69.31,2872320,South America,SA
URY,Uruguay,1980,11547.5303,70.6,2951953,South America,SA
URY,Uruguay,1985,11098.32835,72.27,3017037,South America,SA
URY,Uruguay,1990,13974.74454,73.17,3104403,South America,SA
URY,Uruguay,1995,16502.46468,73.68,3189440,South America,SA
URY,Uruguay,2000,18556.85792,74.77,3266206,South America,SA
URY,Uruguay,2005,18678.61672,75.54,3285771,South America,SA
URY,Uruguay,2010,24879.83502,76.53,3318580,South America,SA
URY,Uruguay,2015,28941.62941,77.14,3368017,South America,SA
URY,Uruguay,2020,27788.1855,78.45,3398968,South America,SA
URY,Uruguay,2025,33757.56245,78.5,3384688,South America,SA
UZB,Uzbekistan,1950,3496.91389,56.27,6239904,Asia,AS
UZB,Uzbekistan,1955,4269.0002,58.63,7054034,Asia,AS
UZB,Uzbekistan,1960,5291.25402,61.07,8209109,Asia,AS
UZB,Uzbekistan,1965,6126.98608,63.03,9921681,Asia,AS
UZB,Uzbekistan,1970,7206.11803,64.85,11762638,Asia,AS
UZB,Uzbekistan,1975,7217.17543,65.94,13598521,Asia,AS
UZB,Uzbekistan,1980,6424.21098,67.47,15619936,Asia,AS
UZB,Uzbekistan,1985,5860.11733,68.38,17875339,Asia,AS
UZB,Uzbekistan,1990,5245.94666,69.31,20464956,Asia,AS
UZB,Uzbekistan,1995,3535.14321,65.66,22917589,Asia,AS
UZB,Uzbekistan,2000,3717.41589,65.11,24787054,Asia,AS
UZB,Uzbekistan,2005,4320.94278,64.48,26356975,Asia,AS
UZB,Uzbekistan,2010,5760.80512,66.48,28385506,Asia,AS
UZB,Uzbekistan,2015,7529.76364,67.3,30749346,Asia,AS
UZB,Uzbekistan,2020,8727.41105,67.47,33586372,Asia,AS
UZB,Uzbekistan,2025,11127.00974,69.07,37053428,Asia,AS
VEN,Venezuela,1950,9803.86771,58.7,5488850,South America,SA
VEN,Venezuela,1955,11319.92879,61.16,6755813,South America,SA
VEN,Venezuela,1960,11699.27058,65.17,8160090,South America,SA
VEN,Venezuela,1965,12859.46489,66.03,9697790,South America,SA
VEN,Venezuela,1970,12958.24365,66.51,11387790,South America,SA
VEN,Venezuela,1975,13038.22189,67.6,13215892,South America,SA
VEN,Venezuela,1980,12230.0845,69.66,15258218,South America,SA
VEN,Venezuela,1985,11154.71456,71.56,17461434,South America,SA
VEN,Venezuela,1990,11518.3604,72.44,19827010,South America,SA
VEN,Venezuela,1995,12915.11097,72.61,22193821,South America,SA
VEN,Venezuela,2000,12454.43236,74.17,24526708,South America,SA
VEN,Venezuela,2005,14034.5749,75.01,26785804,South America,SA
VEN,Venezuela,2010,16695.002,75.3,28813101,South America,SA
VEN,Venezuela,2015,16970.969,75.67,30573972,South America,SA
VEN,Venezuela,2020,5729.397,73.94,28444077,South America,SA
VEN,Venezuela,2025,8899.072,76.18,28516896,South America,SA
VNM,Vietnam,1950,1312.48143,52.26,25100738,Asia,AS
VNM,Vietnam,1955,1447.20793,56.43,28166446,Asia,AS
VNM,Vietnam,1960,1493.40569,58.41,32531933,Asia,AS
VNM,Vietnam,1965,1586.21076,57.42,37129656,Asia,AS
VNM,Vietnam,1970,1287.14264,55.97,41475230,Asia,AS
VNM,Vietnam,1975,1212.7897,62.3,46482903,Asia,AS
VNM,Vietnam,1980,1331.47218,66.29,52490101,Asia,AS
VNM,Vietnam,1985,1920.05437,67.77,59060622,Asia,AS
VNM,Vietnam,1990,2382.67426,69.22,65504552,Asia,AS
VNM,Vietnam,1995,3229.972,70.81,72049940,Asia,AS
VNM,Vietnam,2000,4250.45395,72.23,77154011,Asia,AS
VNM,Vietnam,2005,5705.39302,72.77,81088313,Asia,AS
VNM,Vietnam,2010,7274.73311,73.21,87455152,Asia,AS
VNM,Vietnam,2015,9248.02396,73.88,92823254,Asia,AS
VNM,Vietnam,2020,11851.39657,75.75,98079191,Asia,AS
VNM,Vietnam,2025,15429.33526,75.44,101598527,Asia,AS
VUT,Vanuatu,1950,1662.97167,47.4,51541,Oceania,OC
VUT,Vanuatu,1955,1740.27215,49.16,56633,Oceania,OC
VUT,Vanuatu,1960,1820.12267,51.37,64431,Oceania,OC
VUT,Vanuatu,1965,1904.6972,53.91,74358,Oceania,OC
VUT,Vanuatu,1970,1992.4307,56.73,86266,Oceania,OC
VUT,Vanuatu,1975,2449.80238,59.66,100269,Oceania,OC
VUT,Vanuatu,1980,2272.12615,62.09,115660,Oceania,OC
VUT,Vanuatu,1985,2982.5758,62.89,130356,Oceania,OC
VUT,Vanuatu,1990,3185.58006,63.13,148063,Oceania,OC
VUT,Vanuatu,1995,3280.93377,63.26,167137,Oceania,OC
VUT,Vanuatu,2000,3400.34487,63.57,186281,Oceania,OC
VUT,Vanuatu,2005,3116.25682,63.78,210760,Oceania,OC
VUT,Vanuatu,2010,3359.84955,64.41,238248,Oceania,OC
VUT,Vanuatu,2015,3357.63888,64.96,266101,Oceania,OC
VUT,Vanuatu,2020,3259.99544,65.85,298858,Oceania,OC
VUT,Vanuatu,2025,3188.80002,66.58,335169,Oceania,OC
WSM,Samoa,1950,3862.21399,54.43,88281,Oceania,OC
WSM,Samoa,1955,4033.81137,57.21,99038,Oceania,OC
WSM,Samoa,1960,4213.62906,60.68,112490,Oceania,OC
WSM,Samoa,1965,4399.95867,61.25,127978,Oceania,OC
WSM,Samoa,1970,4594.85366,62.42,140400,Oceania,OC
WSM,Samoa,1975,3955.69801,63.64,153344,Oceania,OC
WSM,Samoa,1980,4621.30241,65.23,164322,Oceania,OC
WSM,Samoa,1985,4270.3569,66,166849,Oceania,OC
WSM,Samoa,1990,4225.91653,66.86,169042,Oceania,OC
WSM,Samoa,1995,4246.30907,67.65,174571,Oceania,OC
WSM,Samoa,2000,4786.98319,68.48,181685,Oceania,OC
WSM,Samoa,2005,5994.51432,68.99,186978,Oceania,OC
WSM,Samoa,2010,6427.31156,69.64,193023,Oceania,OC
WSM,Samoa,2015,6432.35979,70.06,201782,Oceania,OC
WSM,Samoa,2020,6745.3064,71.08,211944,Oceania,OC
WSM,Samoa,2025,7412.51789,71.36,219306,Oceania,OC
YEM,Yemen,1950,1636.60899,31.85,4616780,Asia,AS
YEM,Yemen,1955,1555.33489,33.36,5009672,Asia,AS
YEM,Yemen,1960,1462.189,36.53,5532301,Asia,AS
YEM,Yemen,1965,1387.89244,38.22,6195593,Asia,AS
YEM,Yemen,1970,1574.55766,41.93,7065279,Asia,AS
YEM,Yemen,1975,2097.907,48.68,8133598,Asia,AS
YEM,Yemen,1980,2473.5755,53.25,9543358,Asia,AS
YEM,Yemen,1985,2314.19809,56.71,11453825,Asia,AS
YEM,Yemen,1990,2332.6713800000002,59.06,13887862,Asia,AS
YEM,Yemen,1995,2635.98018,61.14,16740058,Asia,AS
YEM,Yemen,2000,2925.61188,63.51,19624141,Asia,AS
YEM,Yemen,2005,3262.42885,65.78,22790085,Asia,AS
YEM,Yemen,2010,3603.03,67.61,26754387,Asia,AS
YEM,Yemen,2015,2196.886,68.16,31159379,Asia,AS
YEM,Yemen,2020,1660.776,67.28,36134863,Asia,AS
YEM,Yemen,2025,1721.89143,69.27,41773878,Asia,AS
ZAF,South Africa,1950,5257.55282,52.06,13038491,Africa,AF
ZAF,South Africa,1955,5798.06708,53.04,14533365,Africa,AF
ZAF,South Africa,1960,6160.40256,53.93,16440172,Africa,AF
ZAF,South Africa,1965,7155.91463,55.19,19089380,Africa,AF
ZAF,South Africa,1970,8008.1191,56.69,22279984,Africa,AF
ZAF,South Africa,1975,8321.7644,58.3,25690940,Africa,AF
ZAF,South Africa,1980,8444.39792,59.52,29518857,Africa,AF
ZAF,South Africa,1985,9157.7456,61.92,35042093,Africa,AF
ZAF,South Africa,1990,9985.19104,64.18,40746268,Africa,AF
ZAF,South Africa,1995,9922.05808,62.93,44541554,Africa,AF
ZAF,South Africa,2000,11037.87368,55.58,47159719,Africa,AF
ZAF,South Africa,2005,12853.29549,52.1,49490033,Africa,AF
ZAF,South Africa,2010,14182.33428,57.07,52344051,Africa,AF
ZAF,South Africa,2015,14559.47438,62.26,56723537,Africa,AF
ZAF,South Africa,2020,13266.78581,64.24,60562381,Africa,AF
ZAF,South Africa,2025,13889.23888,65.95,64747319,Africa,AF
ZMB,Zambia,1950,1428.44655,47,2321302,Africa,AF
ZMB,Zambia,1955,1601.4729,48.3,2703543,Africa,AF
ZMB,Zambia,1960,2014.40987,49.56,3153729,Africa,AF
ZMB,Zambia,1965,2352.8044,51.21,3692086,Africa,AF
ZMB,Zambia,1970,2368.82964,53.5,4321718,Africa,AF
ZMB,Zambia,1975,2299.65452,55.13,4990086,Africa,AF
ZMB,Zambia,1980,1965.45804,55.63,5802833,Africa,AF
ZMB,Zambia,1985,2013.90858,55.15,6780953,Africa,AF
ZMB,Zambia,1990,2196.93365,51.94,7786169,Africa,AF
ZMB,Zambia,1995,1989.76563,46.82,8785763,Africa,AF
ZMB,Zambia,2000,2173.01609,45.34,10017631,Africa,AF
ZMB,Zambia,2005,2569.15938,48.73,11718819,Africa,AF
ZMB,Zambia,2010,3266.50749,56.54,13965594,Africa,AF
ZMB,Zambia,2015,3576.92545,60.8,16399089,Africa,AF
ZMB,Zambia,2020,3391.59541,62.77,19059395,Africa,AF
ZMB,Zambia,2025,3944.46383,64.26,21913874,Africa,AF
ZWE,Zimbabwe,1950,1588.93713,53.78,2790905,Africa,AF
ZWE,Zimbabwe,1955,1890.41438,54.54,3263215,Africa,AF
ZWE,Zimbabwe,1960,2255.72171,55.54,3809389,Africa,AF
ZWE,Zimbabwe,1965,2434.39666,56.59,4458462,Africa,AF
ZWE,Zimbabwe,1970,3185.7604,58.04,5215918,Africa,AF
ZWE,Zimbabwe,1975,3514.70318,59.33,6098658,Africa,AF
ZWE,Zimbabwe,1980,3247.73897,60.4,7041303,Africa,AF
ZWE,Zimbabwe,1985,3409.49941,62.96,8686813,Africa,AF
ZWE,Zimbabwe,1990,3651.94234,62.38,10137281,Africa,AF
ZWE,Zimbabwe,1995,3660.83797,54.19,10974599,Africa,AF
ZWE,Zimbabwe,2000,3888.44839,47.5,11892055,Africa,AF
ZWE,Zimbabwe,2005,2589.93892,46.76,12483432,Africa,AF
ZWE,Zimbabwe,2010,2563.47835,52.32,13356548,Africa,AF
ZWE,Zimbabwe,2015,3366.63371,58.58,14399013,Africa,AF
ZWE,Zimbabwe,2020,2987.26841,60.87,15526888,Africa,AF
ZWE,Zimbabwe,2025,3675.57058,61.97,16950795,Africa,AF
